CPF,Performance 1ยบ/2019,Performance 2ยบ/2018,Performance 1ยบ/2018,Performance 2ยบ 2017
678.042.935-18,3,2,2,3
089.324.175-12,2,2,2,2
587.416.093-11,2,2,2,2
375.410.982-13,3,2,3,3
652.134.809-42,1,2,1,3
560.478.392-74,2,2,1,3
304.915.286-98,,,,3
584.619.230-14,2,2,3,3
432.950.186-42,3,2,3,2
675.489.102-58,2,2,1,2
129.540.376-52,,,3,1
047.821.956-31,1,2,3,1
435.082.961-13,1,2,2,2
410.695.387-11,3,2,2,1
209.731.654-99,1,2,2,1
876.315.024-71,3,2,2,3
759.460.831-39,,,2,3
238.490.617-87,3,2,1,1
132.605.489-98,2,2,3,3
840.712.963-13,2,2,3,1
923.640.157-15,1,1,1,1
970.463.128-69,3,2,2,3
109.754.683-75,1,2,3,2
356.172.498-19,3,2,1,1
297.605.318-95,2,2,2,1
583.106.279-12,1,2,1,3
360.895.721-95,3,1,1,1
602.751.439-61,3,2,3,1
036.194.728-31,2,2,1,3
340.172.895-41,,,,1
508.194.736-93,1,2,1,1
068.921.357-31,1,2,1,3
973.450.281-61,2,2,1,2
589.640.172-85,3,2,3,1
948.156.073-21,1,2,2,3
192.564.087-67,2,2,3,2
346.259.870-83,2,2,1,2
651.394.208-13,2,2,2,2
029.567.431-81,2,2,3,1
682.970.534-74,2,2,3,2
137.249.860-51,2,2,1,1
527.631.049-16,2,2,3,3
267.531.904-14,2,2,3,2
637.294.015-99,2,2,3,3
470.218.539-12,2,2,1,1
720.681.539-12,2,2,2,1
815.462.739-64,2,1,1,1
564.203.719-61,2,2,2,2
386.495.170-48,2,2,3,3
532.897.461-19,2,2,1,3
793.415.682-18,2,2,2,1
325.694.178-82,2,2,2,3
193.078.245-41,,,,3
781.256.093-77,2,2,2,3
529.078.634-11,2,2,1,2
730.852.946-19,2,2,1,2
984.730.561-75,2,2,2,2
354.978.061-39,2,2,1,1
370.894.126-87,,2,2,2
925.346.017-25,2,2,3,2
132.975.064-15,2,2,3,1
253.480.791-97,2,2,2,2
546.890.721-67,1,2,1,1
820.346.195-61,2,2,1,2
169.430.587-21,,2,2,3
102.493.785-23,2,2,3,3
836.240.175-35,2,2,2,3
128.640.953-51,2,2,3,1
526.314.087-81,2,2,3,3
568.713.024-17,2,2,2,2
752.980.641-67,,,,3
965.387.102-12,2,2,1,1
902.153.678-12,,2,3,3
036.941.258-33,2,2,2,3
168.297.035-31,2,2,2,1
526.047.381-71,2,2,1,2
725.690.481-94,2,1,1,1
286.931.470-13,2,2,3,3
610.548.237-15,2,2,3,2
796.354.012-99,,2,2,3
853.920.476-29,2,2,2,2
640.981.357-11,2,2,1,1
475.802.139-23,2,2,3,3
321.409.567-61,1,2,1,1
317.026.594-61,2,2,3,2
832.967.410-11,2,2,3,2
410.896.325-33,2,2,3,3
194.672.530-71,,2,2,2
568.930.241-42,2,2,3,2
107.245.389-41,2,2,1,1
670.534.812-71,2,2,2,1
319.582.604-61,2,2,1,2
319.246.857-28,,,,3
432.981.560-51,,2,1,3
832.145.706-17,2,2,3,2
856.739.204-74,2,2,2,1
914.763.520-71,2,2,1,3
854.769.321-19,2,2,2,2
915.403.872-32,2,2,1,1
756.139.048-39,2,2,3,3
958.731.624-17,2,2,3,3
470.823.691-31,,2,2,3
243.908.671-13,2,2,2,3
543.068.217-91,2,2,3,1
478.163.925-91,,,,2
734.850.962-29,2,2,3,1
835.921.407-79,,2,1,2
835.271.690-59,2,2,2,1
504.863.172-26,2,2,1,3
269.148.305-33,2,2,1,3
529.167.408-31,2,2,1,2
206.134.597-25,2,2,3,2
673.091.824-13,2,2,1,3
169.528.074-11,2,2,2,1
135.692.478-64,2,2,1,3
174.683.205-35,,2,1,3
986.324.075-38,2,2,2,1
029.156.843-24,2,2,2,3
031.284.796-31,2,2,2,3
793.548.610-75,2,2,1,2
827.639.054-47,,2,3,1
150.923.764-14,,,,3
038.465.927-65,2,2,1,3
640.539.782-38,2,2,2,3
897.213.605-11,,,,2
826.917.405-11,,,,3
948.570.612-11,2,1,1,1
874.095.162-67,,,,2
935.402.871-32,2,2,1,3
175.608.432-71,2,2,2,1
520.917.643-61,2,2,2,1
154.807.623-62,,,,1
726.540.193-14,1,2,1,1
891.562.473-46,2,2,2,2
430.218.657-71,2,2,2,3
254.139.867-18,,,,2
082.754.963-65,2,2,3,3
859.264.137-37,2,2,3,2
871.063.425-81,2,2,1,1
142.735.809-51,2,2,2,2
159.608.724-21,2,2,2,1
936.710.524-14,,,,2
206.387.915-11,2,2,3,2
705.123.694-61,,2,2,2
923.784.516-28,2,2,1,2
241.395.087-79,2,2,1,1
597.638.420-18,2,2,2,2
641.590.237-71,,,,2
138.072.654-91,2,2,2,3
735.680.219-86,1,2,1,1
912.307.485-12,2,2,2,1
546.271.380-16,2,2,1,2
257.031.948-14,2,1,1,1
380.517.624-44,,,,2
307.619.582-41,2,2,2,2
574.936.280-92,2,2,3,1
516.894.720-49,2,2,2,2
482.095.361-33,2,2,1,3
841.659.273-17,,,,3
592.107.368-77,2,2,3,1
805.273.164-15,2,2,3,2
081.697.345-84,2,2,2,3
126.094.738-69,2,2,3,1
614.308.725-35,,2,1,2
834.097.126-31,2,2,1,3
105.963.274-81,2,2,3,3
517.940.632-34,2,2,2,3
374.906.285-47,,,,3
503.267.481-81,2,2,2,1
684.720.915-11,2,2,2,2
516.784.023-62,2,2,3,2
218.043.659-98,,,,3
451.793.260-52,2,2,1,2
295.643.178-19,2,2,3,2
162.495.803-61,2,2,1,3
468.231.975-28,2,2,1,3
697.231.408-96,,,,1
206.514.798-94,2,2,1,2
952.430.718-97,2,2,2,3
583.491.260-51,2,2,1,1
014.679.352-81,,,,2
263.801.574-17,2,2,2,2
397.862.015-41,2,2,3,3
046.539.271-71,2,2,3,3
275.438.619-17,2,2,2,2
068.219.547-21,2,2,3,3
984.351.270-79,2,2,3,3
681.370.459-11,2,2,1,1
392.145.760-25,2,2,3,2
297.136.458-55,2,2,3,1
680.157.943-66,,2,2,3
056.389.712-11,,,,2
176.439.028-87,2,2,2,2
187.392.064-41,2,2,1,3
354.281.097-51,,,,2
417.286.309-41,1,2,1,1
136.897.245-46,2,2,2,1
506.179.283-12,2,2,3,3
982.013.645-89,,2,1,2
470.839.261-31,2,2,3,3
514.873.609-75,2,2,2,3
491.680.752-94,,2,1,3
794.835.610-19,2,2,2,1
682.794.015-21,2,2,2,1
640.183.957-11,2,2,1,1
820.649.175-94,,2,2,3
187.465.390-93,2,2,3,1
316.289.450-61,2,2,2,2
215.086.943-89,2,2,3,3
984.521.073-23,2,2,3,3
480.561.293-24,2,2,3,1
075.963.412-25,2,2,1,3
086.542.931-61,2,2,3,3
235.714.689-37,2,2,2,2
527.983.460-29,,,,3
928.704.136-96,2,2,1,3
806.752.493-92,2,2,3,2
891.435.067-39,2,2,2,1
259.783.604-56,2,2,2,1
510.368.279-68,2,2,3,1
862.904.375-18,2,2,2,1
896.403.217-96,,1,1,1
590.316.724-16,1,2,1,1
573.068.294-83,2,1,1,1
498.650.273-56,2,2,2,1
307.492.685-65,2,2,2,1
480.627.913-78,2,2,3,1
804.269.713-96,2,2,2,1
280.769.134-11,1,2,1,1
248.931.570-61,2,2,2,1
359.768.021-68,2,2,3,1
793.856.401-19,,2,2,1
678.913.254-64,2,2,3,1
283.415.076-17,,2,2,1
460.753.812-44,2,2,3,1
891.632.504-89,,,,1
105.924.687-21,2,2,2,1
032.894.517-12,2,2,3,1
721.835.694-17,2,2,1,1
092.751.643-81,2,2,2,1
862.715.934-37,,1,1,1
569.183.247-64,2,2,1,1
659.478.023-92,2,2,2,1
197.638.054-57,2,2,2,1
079.514.682-58,2,2,3,1
641.283.759-18,,2,2,1
137.589.204-51,2,2,3,1
031.298.467-78,2,2,2,1
413.608.297-51,2,2,3,1
350.628.974-83,2,2,3,1
718.356.204-26,2,2,2,1
410.857.369-21,,,,1
280.314.956-71,2,2,1,1
610.435.987-66,2,2,2,1
983.421.750-14,2,2,3,1
718.463.092-12,2,2,1,1
897.431.052-12,1,2,1,1
892.704.531-97,,1,1,1
571.839.246-37,2,2,3,1
354.860.127-81,2,2,2,1
412.980.576-21,,2,1,1
847.653.290-38,2,2,2,1
498.753.601-39,2,2,3,1
753.418.690-11,,2,3,1
047.615.983-11,2,2,3,1
371.426.985-19,,,,1
139.458.027-41,2,2,2,1
065.213.948-51,2,2,3,1
852.736.049-74,2,2,3,1
875.016.439-21,2,2,3,1
201.986.375-86,2,2,3,1
294.815.630-14,2,2,2,1
921.370.654-52,2,2,2,1
517.829.403-32,2,2,2,1
531.062.987-41,2,2,2,1
689.243.705-29,2,2,3,1
073.628.951-86,2,2,2,1
507.981.624-49,,2,3,1
295.673.804-65,2,2,1,1
843.956.102-42,2,2,2,1
951.870.324-88,2,2,3,1
430.128.679-96,2,2,2,1
362.785.049-11,,2,3,1
078.159.324-79,2,2,1,1
825.604.317-26,2,2,2,1
839.704.615-11,2,2,3,1
538.170.942-13,2,2,3,1
147.590.382-13,2,2,3,1
478.260.935-38,2,2,2,1
418.973.025-41,2,2,2,1
197.624.058-11,2,2,2,1
097.154.832-32,2,1,1,1
208.164.759-11,,,,1
249.716.358-82,2,2,2,1
574.602.138-53,2,2,2,1
341.952.678-46,2,2,3,1
379.821.560-11,2,2,3,1
208.163.975-11,2,2,3,1
079.123.865-21,2,2,2,1
209.756.831-95,1,2,1,1
416.083.592-98,2,2,2,1
173.854.920-88,2,2,2,1
142.869.507-94,2,2,1,1
943.261.580-42,2,2,3,1
716.934.085-21,2,1,1,1
902.365.841-89,2,2,2,1
142.793.685-46,2,2,1,1
719.523.860-12,2,2,2,1
715.630.298-12,2,2,3,1
824.956.103-15,2,2,2,1
490.526.381-61,2,2,3,1
687.935.421-19,2,2,1,1
748.590.316-11,2,2,2,1
236.541.908-98,2,2,3,1
632.850.491-89,2,2,3,1
280.143.695-13,1,2,1,1
456.137.082-15,2,2,3,1
409.671.583-21,2,2,2,1
306.298.547-18,,,,1
529.418.603-98,2,2,2,1
916.082.735-12,2,2,1,1
528.601.743-62,2,2,3,1
978.645.102-31,2,2,1,1
829.745.106-21,2,2,3,1
072.561.934-16,2,2,3,1
163.745.092-34,2,2,2,1
512.603.798-68,2,2,1,1
920.518.347-41,2,2,1,1
961.503.278-68,2,2,3,1
942.867.153-37,2,2,2,1
508.461.923-14,2,2,3,1
653.079.184-11,2,2,1,1
275.018.639-11,2,2,2,1
372.960.815-11,2,2,2,1
195.086.723-41,2,2,1,1
037.512.486-17,2,2,3,1
019.652.738-41,2,2,2,1
580.672.943-56,,,,1
518.760.492-94,2,2,2,1
872.195.034-23,2,2,3,1
901.723.584-51,2,2,1,1
087.631.459-11,2,2,3,1
729.648.503-56,2,1,1,1
857.043.169-48,2,2,2,1
249.730.816-12,2,2,2,1
964.103.287-96,1,2,1,1
156.720.483-15,2,2,2,1
670.213.495-99,2,2,1,1
426.508.179-76,2,2,2,1
078.349.156-57,2,2,3,1
734.289.561-17,2,2,2,1
316.247.859-64,2,2,3,1
982.450.763-92,2,2,2,1
839.014.567-75,2,2,2,
972.451.083-23,2,2,1,
059.124.376-81,2,2,1,
526.049.371-15,2,2,3,
357.462.980-18,2,2,3,
915.347.082-61,2,2,1,
702.185.493-51,2,2,2,
589.203.714-23,2,2,3,
871.630.549-39,2,2,2,
671.045.238-71,2,2,2,
743.128.569-82,2,2,3,
192.437.056-52,2,2,3,
763.921.048-87,2,2,2,
130.489.756-75,2,2,3,
359.628.074-56,2,2,1,
302.978.614-51,2,2,2,
930.587.642-19,,,,
973.801.654-11,2,2,1,
326.809.517-86,2,2,3,
719.650.482-85,2,2,2,
407.528.691-67,2,2,3,
958.143.260-42,2,2,3,
361.847.290-12,2,2,2,
813.247.065-62,2,2,3,
904.635.781-39,2,2,1,
102.597.483-23,2,2,2,
819.035.274-14,2,2,1,
716.529.408-21,2,2,2,
298.345.610-24,2,2,1,
498.312.075-13,2,2,2,
928.047.153-88,2,2,2,
614.780.329-87,2,2,3,
790.152.436-71,2,2,1,
876.915.304-39,2,2,3,
573.801.694-75,2,2,2,
650.749.182-94,2,2,1,
285.341.670-44,2,2,2,
017.926.584-94,2,2,1,
674.158.320-35,,,,
736.548.190-11,2,2,2,
360.129.485-14,2,2,2,
635.142.078-44,2,2,1,
854.236.071-16,2,2,1,
475.810.963-19,2,2,2,
831.976.405-19,2,2,2,
965.384.210-24,2,2,3,
398.657.140-19,2,2,3,
094.138.527-23,2,2,3,
091.824.673-31,2,2,3,
827.319.506-68,2,2,3,
620.749.518-76,2,2,3,
264.718.395-37,2,2,3,
806.175.423-17,2,2,3,
240.816.753-17,2,2,2,
097.831.562-68,2,2,2,
321.849.507-51,2,2,2,
365.489.217-55,2,2,1,
713.564.829-37,2,2,3,
471.290.635-99,2,2,2,
956.243.718-37,2,2,2,
065.749.281-76,2,2,3,
807.259.463-18,2,2,2,
082.751.693-21,2,2,3,
405.931.726-81,2,2,3,
489.623.501-14,,,,
716.942.805-94,2,2,3,
059.684.137-19,2,2,3,
045.369.712-71,2,2,3,
701.582.934-79,2,2,1,
630.248.175-91,2,2,1,
127.695.408-58,2,2,1,
235.861.407-62,2,2,3,
342.617.058-26,2,2,1,
460.731.829-96,2,2,1,
251.043.869-71,2,2,2,
539.107.842-32,2,2,1,
460.715.398-21,2,2,2,
549.387.120-32,2,2,1,
105.729.386-59,2,2,1,
596.437.201-52,2,2,2,
034.591.672-71,2,2,1,
509.483.627-74,2,2,3,
932.457.106-15,2,2,2,
561.380.742-62,2,2,1,
968.315.024-15,2,2,1,
160.732.459-81,2,2,1,
652.809.173-11,2,2,1,
205.784.369-65,2,2,1,
651.347.028-53,2,2,1,
271.594.380-61,2,2,1,
094.182.356-33,2,2,1,
537.240.918-51,2,2,1,
374.615.092-25,2,2,2,
391.276.804-87,2,2,1,
126.537.904-16,2,2,3,
164.937.250-71,,,,
631.597.842-82,2,2,3,
158.962.430-14,2,2,3,
039.681.725-41,2,2,3,
978.021.534-41,2,2,3,
160.897.325-59,2,2,1,
243.579.186-18,2,2,1,
278.953.014-97,2,2,1,
543.912.678-37,2,2,3,
360.985.741-21,2,2,2,
492.567.380-74,2,2,1,
849.107.236-51,2,2,1,
602.148.739-78,2,2,3,
523.946.108-24,2,2,3,
471.238.950-88,2,2,2,
139.260.784-13,2,2,1,
178.056.429-58,2,2,2,
893.617.024-41,2,2,3,
071.689.325-86,2,2,3,
647.823.501-71,2,2,2,
654.872.013-15,2,2,3,
987.103.564-11,2,2,3,
137.264.508-15,2,2,3,
695.130.874-84,2,2,2,
580.164.793-75,2,2,2,
049.135.278-61,2,2,2,
185.624.097-58,2,2,3,
247.058.163-15,2,2,3,
426.795.130-61,2,2,3,
741.036.298-78,2,2,1,
021.563.489-61,2,2,3,
145.832.967-46,2,2,3,
571.639.840-57,2,2,2,
914.025.387-23,2,2,3,
378.460.512-53,2,2,2,
486.790.235-74,2,2,2,
357.184.960-48,2,2,1,
768.031.925-12,2,2,2,
304.876.591-39,2,2,1,
182.706.934-13,2,2,2,
231.960.785-41,,,,
014.928.563-98,2,2,3,
065.923.187-59,2,2,1,
136.290.548-89,2,2,1,
975.380.416-48,2,2,1,
769.342.815-19,2,2,1,
768.394.015-11,2,2,1,
758.036.912-59,2,2,2,
597.230.418-12,2,2,2,
204.358.197-12,2,2,2,
402.976.158-58,2,2,3,
365.129.780-21,2,2,3,
562.983.740-19,2,2,3,
210.837.956-86,2,2,1,
032.574.186-71,2,2,1,
461.820.973-96,2,2,3,
278.530.614-71,2,2,1,
984.657.102-11,2,2,3,
681.294.730-11,2,2,3,
907.182.365-21,2,2,2,
927.465.381-64,2,2,3,
074.165.298-67,2,2,3,
532.694.081-71,2,2,1,
294.803.561-98,2,2,3,
028.379.564-65,2,2,1,
137.495.826-37,2,2,3,
815.743.296-18,2,2,1,
254.761.098-11,2,2,1,
729.014.658-11,2,2,3,
139.568.027-21,2,2,1,
384.216.570-62,2,2,1,
194.035.826-42,,,,
273.690.154-16,2,2,3,
056.481.293-51,2,2,3,
806.932.547-18,2,2,2,
047.165.382-91,2,2,2,
764.523.081-91,2,2,2,
186.350.294-71,2,2,3,
670.431.295-16,2,2,2,
593.012.864-24,2,2,3,
316.740.825-17,2,2,3,
213.968.750-77,2,2,3,
748.253.169-64,2,2,1,
932.140.587-97,2,2,3,
780.619.425-85,2,2,1,
843.567.012-16,2,2,1,
315.607.924-34,2,2,1,
617.453.208-91,2,2,3,
203.719.584-23,2,2,2,
148.960.275-58,2,2,1,
784.130.526-53,2,2,1,
587.961.423-91,2,2,2,
981.062.534-14,2,2,2,
205.678.431-91,,,,
130.952.874-88,2,2,3,
594.387.602-29,2,2,2,
320.671.458-35,2,2,1,
584.206.137-62,2,2,1,
689.375.201-68,2,2,1,
457.602.938-18,2,2,2,
247.198.035-12,2,2,3,
307.169.428-87,2,2,1,
705.498.216-94,2,2,2,
087.253.641-62,2,2,3,
298.163.457-73,2,2,3,
971.520.843-61,2,2,1,
253.987.164-17,2,2,3,
728.104.963-31,2,2,3,
749.023.568-56,2,2,1,
410.375.289-13,2,2,2,
469.135.280-51,2,2,3,
594.873.062-18,,,,
930.671.842-11,2,2,2,
867.592.034-29,2,2,2,
784.153.069-21,2,2,2,
581.027.693-86,2,2,3,
586.429.710-11,,,,
961.740.538-57,2,2,1,
249.316.587-17,2,2,1,
257.843.960-56,2,2,2,
795.063.241-15,2,2,2,
082.317.546-44,,,,
530.489.761-75,2,2,1,
361.457.089-48,2,2,3,
289.764.351-17,2,2,1,
602.317.589-95,2,2,3,
491.520.783-88,2,2,2,
729.104.863-11,2,2,1,
632.194.058-51,2,2,1,
146.073.825-15,2,2,3,
514.930.287-23,2,2,1,
742.310.986-11,2,2,1,
501.378.692-41,2,2,1,
067.935.182-59,2,2,1,
814.697.052-49,2,2,3,
902.753.418-79,2,2,1,
745.261.089-11,2,2,3,
973.658.140-39,2,2,3,
910.465.328-98,2,2,1,
354.609.127-25,2,2,1,
170.635.284-16,2,2,1,
910.743.658-11,2,2,1,
354.160.298-89,2,2,2,
938.041.725-12,2,2,1,
947.306.158-75,2,2,3,
268.491.307-22,2,2,2,
521.306.798-11,2,2,3,
619.537.248-17,,,,
157.903.842-51,2,2,3,
785.103.926-68,2,2,3,
941.736.850-84,2,2,1,
271.569.384-28,2,2,3,
637.158.920-21,2,2,3,
015.286.394-13,2,2,3,
701.594.862-11,2,2,3,
730.894.162-12,,,,
042.351.978-61,2,2,2,
356.148.297-17,2,2,3,
089.541.637-93,2,2,3,
527.138.694-55,2,2,3,
472.953.016-15,2,2,1,
035.791.826-68,2,2,2,
715.340.286-17,2,2,1,
145.037.628-26,2,2,1,
574.026.193-71,2,2,1,
741.962.503-43,2,2,1,
092.785.463-56,2,2,1,
796.432.518-37,2,2,1,
482.395.710-51,2,2,3,
217.589.063-59,2,2,3,
142.703.659-43,2,2,2,
056.928.147-49,2,2,1,
126.059.783-11,2,2,1,
738.659.214-18,2,2,1,
814.073.269-96,2,2,3,
503.127.468-91,2,2,2,
602.145.739-15,2,2,2,
809.364.712-12,2,2,3,
391.508.476-19,,,,
816.305.927-31,2,2,3,
345.982.160-42,2,2,3,
072.518.364-16,2,2,2,
725.381.946-28,2,2,3,
546.210.379-43,2,2,2,
715.230.864-16,2,2,3,
135.926.048-13,2,2,2,
759.286.104-67,2,2,2,
981.072.456-11,2,2,3,
682.371.059-41,2,2,2,
510.632.897-77,2,2,1,
749.051.263-81,2,2,2,
248.576.319-46,2,2,1,
396.087.241-12,2,2,1,
354.678.201-17,,,,
602.571.394-43,2,2,3,
057.892.461-76,2,2,2,
931.804.765-75,2,2,2,
046.325.197-15,2,2,2,
643.258.971-19,2,2,2,
690.274.385-11,2,2,3,
281.743.096-41,2,2,3,
865.241.309-61,2,2,2,
946.178.052-49,2,2,2,
935.821.406-61,2,2,2,
728.546.903-38,2,2,1,
597.401.368-93,2,2,2,
315.867.042-91,2,2,1,
935.620.871-95,2,2,2,
139.452.086-71,2,2,3,
856.972.314-82,2,2,3,
835.497.016-75,2,2,2,
165.398.074-57,2,2,1,
013.287.965-41,2,2,3,
326.541.790-52,2,2,3,
218.936.074-96,2,2,3,
907.153.628-95,2,2,1,
809.713.654-66,,,,
420.893.715-79,2,2,1,
852.691.340-98,2,2,3,
546.980.327-92,2,2,3,
618.029.743-69,2,2,3,
802.496.753-74,2,2,3,
940.861.723-13,2,2,1,
830.567.942-18,2,2,1,
387.209.146-87,2,2,1,
307.294.168-87,2,2,1,
302.714.956-34,2,2,2,
608.921.374-87,,,,
541.703.298-13,2,2,2,
605.931.724-34,2,2,3,
253.690.781-31,2,2,1,
604.289.735-74,2,2,1,
023.875.916-41,2,2,1,
849.106.357-93,2,2,1,
375.198.246-91,2,2,2,
719.634.502-99,2,2,3,
098.214.356-71,2,2,3,
819.326.704-41,2,2,3,
634.971.058-48,2,2,1,
073.589.216-41,2,2,2,
147.890.625-11,2,2,3,
698.145.207-31,2,2,3,
413.895.760-19,,,,
346.702.851-91,2,2,1,
613.948.502-98,2,2,1,
807.461.293-78,2,2,1,
381.572.460-16,2,2,2,
384.256.701-44,2,2,3,
042.698.715-21,2,2,2,
369.571.084-57,2,2,3,
015.379.462-34,2,2,1,
347.810.952-32,2,2,1,
162.354.097-61,2,2,1,
108.957.326-11,,,,
562.437.891-28,2,2,3,
014.586.237-26,2,2,2,
416.203.598-98,2,2,2,
890.572.613-59,2,2,2,
048.617.293-78,2,2,3,
217.590.634-52,2,2,2,
601.847.395-19,2,2,1,
408.379.261-22,2,2,3,
430.758.269-11,2,2,3,
743.560.289-29,2,2,3,
812.096.354-71,2,2,3,
783.162.945-91,,,,
483.162.975-82,2,2,1,
815.973.042-12,2,2,2,
761.890.325-59,2,2,3,
928.645.073-74,,,,
312.645.890-42,2,2,3,
835.724.906-18,2,2,3,
451.976.208-11,2,2,1,
037.124.689-11,2,2,3,
754.261.938-19,2,2,3,
783.250.419-61,2,2,3,
439.581.672-17,2,2,2,
260.754.913-25,2,2,1,
126.305.489-71,2,2,3,
834.071.295-13,2,2,3,
596.740.213-61,2,2,2,
950.147.683-93,2,2,1,
249.103.567-71,2,2,2,
904.286.371-41,2,2,2,
819.230.467-13,2,2,2,
471.598.620-58,2,2,1,
983.501.627-59,2,2,3,
063.851.492-42,2,2,1,
106.723.498-51,2,2,2,
731.586.402-44,2,2,2,
185.796.243-55,2,2,3,
514.892.603-15,,,,
263.180.495-33,2,2,3,
940.327.865-18,2,2,3,
482.593.710-14,2,2,1,
457.930.218-41,2,2,3,
605.749.832-11,2,2,3,
607.195.428-21,2,2,2,
734.169.058-57,2,2,1,
345.980.126-33,,,,
910.275.348-13,2,2,1,
725.964.381-19,2,2,3,
459.873.216-46,2,2,3,
067.429.153-15,,,,
915.847.263-18,2,2,1,
601.894.275-58,2,2,2,
724.309.186-51,2,2,2,
296.370.184-51,2,2,2,
813.790.265-12,,,,
329.840.157-97,2,2,1,
597.243.610-81,2,2,2,
418.762.509-76,2,2,3,
584.261.903-24,2,2,2,
304.629.517-15,2,2,3,
128.603.975-41,2,2,2,
841.652.930-24,2,2,1,
438.507.692-83,2,2,3,
945.260.781-58,2,2,3,
932.678.501-77,2,2,1,
613.827.905-11,2,2,3,
269.135.487-37,2,2,3,
804.572.369-65,2,2,1,
280.761.935-59,2,2,1,
239.871.506-11,2,2,2,
081.294.736-31,2,2,1,
562.403.879-83,2,2,2,
894.021.357-23,2,2,2,
395.280.617-11,2,2,3,
193.502.864-24,2,2,2,
483.560.921-24,2,2,1,
726.841.590-76,2,2,2,
075.968.241-11,2,2,1,
974.250.386-92,,,,
684.507.132-26,2,2,1,
780.516.943-84,2,2,2,
908.654.173-93,2,2,2,
379.845.610-11,2,2,2,
135.074.962-16,2,2,1,
208.741.956-67,2,2,1,
289.745.163-73,2,2,2,
435.129.687-91,2,2,3,
082.613.549-89,2,2,3,
801.765.243-71,2,2,2,
936.120.458-14,2,2,3,
348.715.609-11,2,2,2,
392.607.845-65,2,2,2,
283.746.095-83,2,2,3,
401.283.579-32,2,2,1,
896.735.102-11,2,2,2,
436.581.027-81,2,2,1,
285.130.649-98,2,2,3,
964.831.072-69,2,2,2,
023.741.986-69,2,2,1,
563.978.124-64,2,2,3,
036.478.921-22,2,2,3,
359.610.248-14,2,2,1,
847.613.029-51,2,2,3,
374.061.582-62,2,2,3,
630.721.495-34,2,2,1,
915.376.824-82,2,2,1,
768.315.920-41,2,2,1,
812.435.976-82,2,2,1,
018.237.964-78,2,2,2,
682.130.459-98,2,2,2,
782.965.314-37,2,2,3,
320.514.976-99,2,2,3,
730.516.248-53,2,2,1,
607.321.954-71,2,2,1,
016.489.527-21,2,2,2,
654.038.297-92,2,2,2,
635.489.720-47,2,2,2,
540.276.193-15,,,,
695.140.328-71,2,2,1,
063.487.195-11,2,2,2,
873.194.506-66,2,2,2,
835.769.210-95,2,2,1,
086.497.312-87,2,2,2,
786.109.532-11,2,2,3,
193.280.645-89,2,2,1,
071.465.829-49,2,2,2,
753.490.286-18,2,2,1,
946.531.087-57,2,2,3,
729.865.134-17,2,2,3,
591.682.043-71,2,2,2,
751.832.640-15,2,2,1,
275.941.368-37,2,2,2,
731.842.069-12,2,2,3,
781.093.456-21,2,2,1,
962.570.138-95,2,2,3,
518.260.437-81,2,2,2,
728.536.901-21,2,2,1,
795.842.016-11,2,2,2,
149.723.085-32,2,2,3,
703.529.186-59,2,2,3,
401.289.753-51,2,2,1,
563.728.914-17,2,2,2,
470.612.893-51,2,2,2,
712.968.053-95,2,2,3,
510.469.837-84,2,2,3,
524.986.371-17,2,2,2,
029.465.781-94,2,2,1,
078.916.324-13,2,2,1,
380.175.964-48,2,2,2,
893.621.075-11,2,2,3,
261.903.485-13,,,,
158.042.396-51,2,2,1,
479.582.301-41,2,2,1,
564.893.207-38,2,2,2,
789.340.512-13,2,2,1,
571.034.268-81,,,,
271.936.048-13,2,2,1,
634.590.178-48,2,2,3,
982.157.643-55,2,2,3,
824.190.356-15,2,2,2,
359.017.824-88,2,2,2,
035.281.964-24,2,2,1,
503.927.846-29,2,2,3,
651.470.892-76,2,2,1,
254.186.903-71,2,2,3,
364.591.078-66,2,2,1,
462.159.378-19,2,2,1,
706.451.298-11,2,2,2,
682.197.053-11,2,2,1,
804.162.795-11,2,2,2,
865.139.274-55,2,2,1,
382.651.947-73,2,2,2,
794.218.653-91,2,2,1,
901.638.475-84,2,2,3,
324.168.507-17,2,2,2,
971.685.042-58,2,2,1,
691.725.830-11,2,2,3,
807.596.314-84,2,2,1,
238.416.750-26,2,2,3,
032.615.748-44,2,2,3,
437.592.160-99,2,2,1,
679.084.132-69,,,,
518.327.964-18,2,2,3,
570.839.261-41,2,2,1,
976.482.031-11,2,2,1,
170.389.542-88,2,2,3,
762.149.358-55,2,2,3,
729.801.356-41,2,2,2,
182.547.936-46,2,2,3,
401.739.258-12,2,2,1,
647.501.928-31,2,2,1,
965.341.872-64,2,2,3,
942.357.106-99,2,2,2,
972.408.561-94,2,2,2,
071.985.436-93,2,2,1,
829.064.513-98,2,2,1,
641.702.895-11,2,2,3,
237.418.590-79,2,2,2,
849.125.730-61,2,2,2,
509.743.126-14,2,2,2,
851.209.364-15,2,2,2,
514.803.672-91,2,2,1,
324.798.015-61,2,2,3,
152.436.897-18,2,2,3,
745.290.138-12,,,,
436.185.029-15,2,2,2,
529.410.376-16,2,2,2,
120.594.783-32,,,,
317.648.052-16,2,2,2,
435.217.860-81,2,2,1,
031.968.724-41,2,3,1,
512.689.370-11,2,2,1,
365.409.281-14,2,1,1,
576.102.489-67,2,3,1,
950.472.618-67,2,1,3,
584.691.703-84,,,3,
810.624.735-15,2,2,1,
490.173.825-97,2,2,3,
820.531.469-15,2,3,2,
742.658.190-11,2,3,3,
391.824.057-61,2,2,3,
142.037.859-79,2,1,3,
837.104.259-13,2,2,3,
240.685.137-16,2,3,3,
347.298.016-87,2,1,3,
041.367.529-71,2,3,2,
276.508.314-26,2,2,3,
823.176.905-68,2,1,3,
743.689.520-65,2,1,1,
394.507.162-34,2,2,1,
571.384.269-17,2,3,2,
891.527.046-11,,,1,
159.320.784-13,,,,
698.537.102-77,2,1,2,
836.201.594-24,2,2,1,
950.364.712-61,2,2,3,
329.841.756-46,2,2,1,
583.479.260-18,2,1,3,
754.019.368-93,2,2,2,
392.418.576-17,,,,
319.427.068-12,2,3,2,
732.015.946-52,2,1,1,
673.890.421-51,2,3,1,
924.675.318-64,2,1,1,
629.731.085-86,2,2,3,
371.089.456-57,2,1,3,
463.908.215-14,2,1,1,
032.849.561-15,2,3,2,
713.946.052-34,1,1,1,
398.276.451-37,2,2,2,
893.512.467-28,2,1,3,
621.890.453-98,2,3,1,
371.846.205-26,,,3,
108.649.573-19,2,2,1,
168.457.923-64,1,1,1,
698.302.514-89,2,2,1,
629.485.137-82,2,1,1,
850.392.471-41,2,1,2,
386.425.971-19,2,1,2,
375.849.210-61,2,3,1,
537.961.280-68,1,1,3,
420.951.378-41,2,1,3,
382.176.594-19,2,1,2,
625.108.937-77,2,3,1,
056.918.347-21,2,3,2,
506.478.129-67,2,1,2,
583.140.627-15,,,1,
629.031.847-12,2,2,2,
086.921.574-49,2,3,3,
198.627.405-58,2,3,1,
216.749.308-87,2,1,2,
962.410.873-12,1,1,2,
158.394.267-17,2,1,2,
986.245.173-46,2,3,1,
975.401.638-11,2,1,1,
857.621.403-26,2,2,3,
806.459.123-61,2,3,1,
530.184.296-13,2,2,1,
965.748.301-84,,,1,
739.016.485-93,2,1,3,
109.674.283-78,2,3,3,
837.249.560-29,2,2,2,
532.764.081-71,2,3,2,
821.409.657-11,2,2,2,
150.249.837-51,2,1,2,
712.853.096-77,2,3,2,
241.650.397-99,2,3,2,
148.673.529-18,2,1,3,
513.480.692-61,1,1,2,
241.593.067-99,2,2,2,
053.476.921-71,2,2,3,
734.820.165-26,,,3,
182.567.390-11,2,1,1,
475.806.321-44,2,3,3,
789.432.561-91,2,1,1,
598.317.602-12,2,3,2,
482.751.963-37,2,2,1,
109.543.628-71,2,3,3,
428.716.305-26,2,3,1,
845.937.162-17,1,1,1,
536.189.702-77,2,1,2,
901.743.852-51,2,2,2,
309.271.845-32,2,2,3,
401.527.683-35,2,2,1,
961.874.352-73,2,3,3,
678.239.451-18,2,2,3,
542.167.389-82,2,2,2,
410.326.598-15,1,2,3,
257.648.319-46,,,2,
387.509.264-38,3,2,3,
657.893.201-12,2,1,1,
386.275.049-38,1,2,1,
045.261.798-76,1,3,1,
250.613.478-62,2,2,2,
571.290.684-85,1,2,2,
752.184.096-85,2,2,1,
368.521.704-62,1,1,2,
271.345.986-91,3,2,1,
596.843.172-55,2,3,1,
187.503.469-21,3,2,2,
172.853.906-41,2,3,1,
018.239.765-31,2,1,3,
493.061.758-84,1,1,2,
801.374.659-39,1,2,3,
340.872.691-41,3,1,2,
368.547.021-35,3,3,1,
985.216.347-73,,,1,
532.789.104-61,2,1,2,
053.612.978-95,1,1,1,
742.310.659-34,2,2,1,
065.894.217-49,1,2,1,
876.201.349-13,1,1,1,
654.789.231-17,3,3,2,
581.734.260-15,3,2,1,
960.215.874-31,1,1,1,
072.935.684-11,1,1,1,
932.754.106-52,1,3,2,
503.762.198-41,3,2,3,
108.273.564-71,1,2,3,
872.350.496-18,1,1,1,
561.782.340-15,3,3,1,
037.154.692-34,1,2,3,
510.938.642-14,,,1,
927.438.510-23,1,3,3,
750.862.149-21,1,3,1,
086.497.132-11,3,1,1,
593.874.601-93,2,3,3,
735.260.194-52,3,1,2,
153.607.942-16,,,,
742.690.153-14,,,,
742.695.018-21,,,,
905.618.423-71,,,,
465.081.392-15,1,2,,
026.439.857-29,,,,
481.725.639-73,,,,
421.630.785-15,2,1,,
761.450.892-11,,,,
089.647.325-29,,,,
063.158.427-71,,,,
879.041.526-49,2,2,,
085.649.231-14,,,,
975.208.314-51,2,1,,
265.390.874-38,,,,
563.072.948-92,,,,
345.086.972-83,,,,
628.705.314-35,,,,
389.521.764-64,1,2,,
790.418.325-13,,,,
025.943.876-65,,,,
368.129.057-12,,,,
604.587.231-26,1,1,,
798.546.103-57,,,,
857.431.962-73,,,,
728.946.310-22,,,,
602.391.857-31,,,,
935.074.168-75,,,,
982.473.516-17,2,2,,
239.184.507-32,,,,
657.490.238-18,2,1,,
219.574.360-34,,,,
950.438.217-79,,,,
918.037.654-11,,,,
159.638.207-41,,,,
174.528.390-13,,,,
506.713.248-53,2,2,,
061.752.493-99,,,,
487.609.153-66,,,,
732.961.508-11,,,,
138.479.650-93,,,,
590.718.243-14,,,,
685.230.471-15,,,,
741.086.295-58,1,3,,
190.637.854-11,,,,
954.206.713-52,,,,
924.816.035-24,,,,
509.487.316-48,3,3,,
649.132.705-16,,,,
804.927.351-23,,,,
613.204.795-61,,,,
560.187.924-94,,,,
509.748.123-23,3,3,,
632.051.798-11,,,,
927.153.068-31,,,,
810.247.359-23,,,,
670.923.458-47,3,2,,
482.705.613-71,,,,
174.860.925-49,,,,
849.615.302-98,,,,
426.310.758-62,2,1,,
143.956.027-71,,,,
293.485.071-41,,,,
136.780.924-11,,,,
521.408.379-32,,,,
681.254.930-42,3,3,,
305.169.742-71,,,,
650.481.329-98,,,,
198.350.274-12,2,2,,
694.328.507-65,,,,
013.698.572-68,,,,
690.723.158-12,,,,
493.257.618-82,,,,
932.156.487-17,1,3,,
319.456.802-71,,,,
569.728.401-21,,,,
258.741.960-31,,,,
291.453.708-51,,,,
756.190.382-11,1,2,,
436.507.128-91,,,,
865.910.247-94,,,,
561.327.849-18,2,1,,
982.016.734-51,,,,
560.482.931-51,,,,
534.291.870-79,,,,
263.058.794-19,2,2,,
709.634.152-81,,,,
245.360.718-91,,,,
841.935.706-57,,,,
954.687.210-58,2,3,,
902.435.168-51,,,,
913.026.875-31,,,,
502.367.918-77,,,,
934.027.561-61,2,3,,
304.816.795-11,,,,
840.719.263-51,,,,
075.326.148-16,,,,
829.764.503-74,2,2,,
318.974.652-46,,,,
236.507.849-47,,,,
570.983.462-92,2,1,,
382.750.164-44,,,,
794.125.360-71,,,,
290.873.651-95,,,,
185.729.364-91,2,2,,
895.061.472-31,,,,
962.815.470-21,,,,
702.513.498-88,,,,
604.872.953-74,,,,
894.712.063-41,2,2,,
576.801.234-62,,,,
124.368.570-16,,,,
936.508.174-21,,,,
720.369.851-31,3,2,,
924.305.718-97,,,,
820.756.931-11,,,,
930.724.865-65,,,,
259.834.760-92,3,2,,
058.473.916-84,,,,
876.354.192-18,,,,
081.524.793-14,,,,
634.879.051-75,,,,
472.581.309-51,,,,
845.172.063-35,2,3,,
725.036.894-18,,,,
571.489.362-17,,,,
236.901.754-61,,,,
654.712.839-37,,,,
397.610.254-71,,,,
194.620.857-49,,,,
613.427.908-12,2,3,,
743.956.082-56,,,,
385.192.647-19,,,,
038.469.512-42,,,,
126.039.475-16,,,,
064.271.985-31,,,,
843.562.197-91,,,,
913.046.827-22,2,2,,
790.461.358-11,,,,
172.563.804-53,3,1,,
459.072.381-61,,,,
801.239.476-69,,,,
794.650.138-21,,,,
853.610.974-21,,,,
350.768.941-39,2,1,,
210.659.347-34,,,,
201.465.397-61,,,,
097.128.653-12,,,,
765.892.401-67,,,,
914.562.708-85,,,,
279.643.810-41,2,2,,
832.749.610-78,,,,
926.105.834-51,,,,
073.594.612-43,,,,
094.257.638-11,,,,
258.940.716-58,1,3,,
438.152.907-32,,,,
531.402.798-41,,,,
570.631.942-16,,,,
139.048.765-21,,,,
894.205.637-74,,,,
230.614.758-26,,,,
270.483.615-91,2,3,,
260.879.143-31,,,,
251.083.469-13,,,,
089.471.536-48,3,2,,
083.597.642-47,,,,
718.465.290-85,,,,
032.941.756-81,2,1,,
918.472.653-91,,,,
657.843.021-16,,,,
591.032.486-15,,,,
704.396.152-16,,,,
045.936.172-43,,,,
356.120.849-51,2,2,,
785.493.602-11,,,,
748.310.256-15,,,,
418.679.523-19,,,,
784.013.962-12,2,1,,
357.194.860-21,,,,
418.037.296-78,,,,
345.962.107-99,,,,
235.489.601-89,,,,
192.704.536-34,3,3,,
284.390.167-78,,,,
128.073.569-41,,,,
349.586.712-18,,,,
924.075.136-14,,,,
673.458.029-65,,,,
893.754.062-29,1,2,,
623.705.941-52,,,,
538.026.479-47,,,,
276.801.354-44,,,,
342.865.017-44,,,,
136.542.789-73,,,,
065.319.742-14,2,3,,
483.059.726-74,,,,
674.219.583-55,,,,
698.145.730-19,1,2,,
801.324.975-14,,,,
082.539.614-13,1,1,,
953.728.416-64,,,,
983.175.604-57,,,,
657.480.321-71,,,,
180.629.345-51,2,3,,
147.536.908-57,,,,
873.021.946-96,,,,
605.287.143-17,,,,
586.132.947-82,,,,
834.152.607-71,2,3,,
524.716.038-15,,,,
615.283.479-19,,,,
308.941.276-41,,,,
931.405.682-15,2,2,,
792.384.651-18,,,,
873.054.629-18,,,,
521.673.409-15,,,,
891.560.247-11,2,2,,
650.179.834-57,,,,
815.074.329-41,,,,
137.042.895-23,,,,
310.492.768-51,,,,
208.456.917-67,,,,
397.540.821-97,2,2,,
742.061.859-31,,,,
604.915.273-14,,,,
520.738.614-15,,,,
035.981.427-14,,,,
870.291.563-41,,,,
760.842.513-15,,,,
421.690.375-43,,,,
691.358.024-13,,,,
270.198.465-31,,,,
036.985.274-56,2,2,,
804.793.256-18,,,,
635.402.197-14,,,,
051.892.437-88,,,,
195.704.683-19,,,,
485.120.397-79,,,,
320.874.951-14,,,,
906.458.317-19,3,2,,
618.750.942-11,,,,
408.562.139-42,,,,
861.542.703-81,,,,
851.349.706-11,,,,
648.035.271-81,,,,
985.043.167-93,,,,
081.395.427-41,,,,
825.360.497-11,,,,
091.657.283-86,,,,
856.703.421-35,,,,
681.974.352-19,2,2,,
897.406.321-22,,,,
034.678.291-12,,,,
501.768.923-11,,,,
832.174.560-17,,,,
341.097.652-34,,,,
106.583.724-16,,,,
632.714.058-16,,,,
326.781.405-71,,,,
274.681.930-96,3,2,,
589.463.071-11,,,,
065.289.137-31,,,,
023.851.764-16,,,,
518.073.246-81,,,,
047.351.629-25,,,,
942.815.073-88,,,,
843.912.570-41,,,,
017.438.962-12,,,,
512.738.409-41,3,2,,
029.385.146-89,,,,
269.357.184-73,,,,
983.207.514-97,,,,
294.615.708-31,3,1,,
596.427.310-61,,,,
987.562.431-46,,,,
362.504.198-71,,,,
968.071.423-31,,,,
675.908.243-56,3,2,,
796.823.405-19,,,,
380.257.419-23,,,,
340.819.256-15,3,3,,
425.386.091-51,,,,
347.120.658-26,,,,
263.047.815-71,,,,
487.365.109-39,,,,
896.123.507-95,,,,
518.394.072-12,1,3,,
642.105.387-44,,,,
249.371.850-12,,,,
432.169.057-99,,,,
369.850.724-29,2,2,,
739.506.418-66,,,,
654.792.831-46,,,,
930.486.752-56,,,,
831.496.705-19,2,3,,
523.714.906-52,,,,
274.509.318-51,,,,
695.327.814-55,,,,
987.265.403-47,,,,
849.731.260-12,,,,
910.382.754-23,,,,
607.952.148-21,,,,
879.135.642-37,,,,
014.658.379-57,,,,
108.645.973-39,,,,
780.251.496-76,,,,
973.681.245-64,,,,
406.897.352-19,,,,
379.816.420-78,,,,
015.476.823-53,,,,
573.641.802-91,3,3,,
520.749.813-41,,,,
280.369.574-18,,,,
492.378.510-14,,,,
729.803.156-21,,,,
482.653.971-19,,,,
706.385.941-21,,,,
170.583.964-93,,,,
631.028.754-16,,,,
549.376.210-25,,,,
205.136.479-61,,,,
123.604.985-33,,,,
481.967.352-19,,,,
602.583.971-95,,,,
037.645.928-18,2,2,,
579.860.241-94,,,,
127.058.463-44,,,,
632.745.198-55,,,,
689.205.347-56,2,3,,
823.960.517-68,,,,
204.361.958-61,,,,
943.058.627-19,,,,
046.953.712-43,,,,
578.164.390-75,,,,
859.127.360-59,2,2,,
798.241.563-64,,,,
734.892.560-18,,,,
642.957.108-49,,,,
583.604.721-91,,,,
354.106.829-98,,,,
029.536.178-68,,,,
847.916.053-57,,,,
680.379.542-18,2,1,,
457.380.219-32,,,,
820.193.546-24,,,,
241.895.063-89,,,,
451.836.927-18,,,,
142.370.685-44,,,,
920.586.173-12,,,,
974.315.608-93,,,,
064.973.851-93,,,,
820.716.459-11,,,,
659.327.014-81,,,,
076.238.951-68,,,,
034.618.957-84,,,,
518.936.724-17,,,,
183.057.649-66,,,,
542.086.371-53,2,3,,
673.248.190-87,,,,
702.356.814-15,,,,
628.193.047-96,,,,
497.165.203-52,,,,
738.105.249-13,,,,
576.109.283-21,,,,
985.417.306-21,,,,
753.941.280-14,,,,
624.019.375-52,,,,
672.359.014-71,,,,
642.901.758-31,2,2,,
593.074.216-25,,,,
340.657.918-39,,,,
120.795.638-41,,,,
415.739.062-81,,,,
739.542.610-14,,,,
731.962.480-11,,,,
985.316.274-19,2,3,,
439.825.176-64,,,,
869.421.703-13,,,,
743.280.165-71,,,,
067.234.859-47,,,,
849.072.316-87,2,2,,
371.589.460-11,,,,
589.314.627-19,,,,
093.674.581-93,,,,
756.930.428-47,,,,
971.082.463-51,,,,
104.952.736-43,,,,
951.480.632-89,1,1,,
015.897.642-85,,,,
193.782.045-97,,,,
405.317.982-32,,,,
709.456.312-43,,,,
731.802.954-14,,,,
416.853.097-39,,,,
721.084.536-44,,,,
514.927.386-46,,,,
726.815.304-15,,,,
842.390.517-97,,,,
785.039.461-57,1,2,,
316.527.049-14,,,,
782.456.901-21,,,,
078.421.935-41,,,,
154.860.239-61,,,,
952.716.340-43,,,,
804.195.276-31,,,,
942.816.750-94,,,,
849.312.756-64,,,,
703.185.694-93,,,,
645.387.902-65,,,,
841.027.963-12,,,,
092.154.873-79,,,,
597.138.624-73,2,3,,
324.091.867-69,,,,
869.457.031-93,,,,
607.814.395-66,,,,
269.130.548-15,,,,
730.264.591-43,,,,
043.796.825-11,,,,
361.049.275-99,,,,
293.470.165-43,3,2,,
502.378.146-17,,,,
824.197.356-17,,,,
157.320.486-26,,,,
648.190.527-31,,,,
069.324.158-61,,,,
479.283.160-13,,,,
165.739.280-59,3,3,,
137.964.250-71,,,,
516.829.703-11,,,,
954.380.716-75,,,,
482.396.105-61,,,,
236.415.079-52,3,2,,
482.659.071-76,,,,
896.250.347-65,,,,
361.072.954-61,,,,
579.802.613-21,,,,
542.037.186-35,,,,
638.407.915-11,,,,
045.362.918-14,,,,
743.961.820-31,,,,
420.695.317-16,,,,
768.912.054-76,,,,
237.516.408-35,,,,
134.890.527-14,,,,
705.293.461-25,3,3,,
308.157.924-41,,,,
509.273.864-29,,,,
512.478.690-67,,,,
034.156.297-16,,,,
051.638.974-21,,,,
917.308.562-68,,,,
450.712.836-62,,,,
201.785.943-51,,,,
849.035.726-92,,,,
036.985.247-83,,,,
835.217.406-17,,,,
482.056.391-24,,,,
782.109.536-21,,,,
053.798.416-19,,,,
168.702.349-22,,,,
569.702.834-29,,,,
510.483.769-66,,,,
608.493.725-18,,,,
132.487.506-26,3,2,,
821.459.763-37,,,,
837.620.419-11,,,,
740.368.951-84,,,,
361.075.824-44,,,,
243.501.768-53,,,,
280.639.745-65,,,,
642.713.509-15,,,,
752.896.104-31,,,,
495.267.108-94,,,,
289.371.540-13,,,,
937.802.146-87,,,,
805.934.271-14,,,,
814.352.067-62,,,,
835.624.709-83,,,,
317.529.068-11,,,,
560.913.284-33,,,,
567.028.319-86,,,,
415.908.632-24,,,,
950.748.236-92,,,,
498.763.512-73,,,,
680.529.137-21,,,,
845.791.630-11,1,1,,
461.938.702-96,,,,
864.372.150-62,,,,
543.180.697-11,,,,
436.058.271-44,,,,
369.507.412-43,,,,
268.351.407-71,,,,
873.954.612-82,,,,
417.296.305-61,,,,
720.854.639-83,,,,
426.308.715-17,,,,
590.487.612-21,,,,
053.614.792-25,,,,
632.948.150-42,,,,
392.605.418-24,,,,
513.690.472-15,,,,
234.896.510-14,,,,
712.806.934-87,,,,
473.825.610-62,,,,
257.980.641-58,2,2,,
867.104.932-96,,,,
257.104.839-23,,,,
197.468.052-58,,,,
546.087.312-62,,,,
761.930.425-81,,,,
103.429.768-69,,,,
570.931.682-21,,,,
126.475.903-71,,,,
018.274.569-49,,,,
869.157.243-46,,,,
503.842.916-51,,,,
751.243.980-61,,,,
086.534.172-91,,,,
217.409.835-13,2,3,,
045.971.263-25,,,,
127.945.803-88,,,,
315.642.890-61,3,2,,
928.430.615-98,,,,
405.318.726-53,,,,
015.268.794-76,,,,
126.935.708-59,,,,
914.678.502-76,,,,
687.539.214-37,,,,
419.083.267-78,,,,
176.904.582-11,,,,
602.384.915-61,,,,
316.278.590-12,,,,
943.268.075-47,,,,
182.356.047-44,,,,
073.295.481-97,,,,
908.632.451-71,,,,
687.530.941-66,,,,
436.809.172-87,,,,
980.423.756-38,,,,
068.592.437-83,,,,
798.564.203-18,,,,
065.812.347-53,3,2,,
638.972.014-96,,,,
237.861.950-21,,,,
621.943.587-73,,,,
860.914.573-57,,,,
261.857.094-49,,,,
321.568.409-89,,,,
602.175.983-41,,,,
670.824.359-83,,,,
730.816.529-95,,,,
794.105.268-76,,,,
531.907.284-88,,,,
972.564.831-55,,,,
083.426.971-69,,,,
349.802.671-22,,,,
065.281.943-51,,,,
467.981.053-19,,,,
614.325.708-62,,,,
109.865.724-11,,,,
309.427.561-34,,,,
701.682.394-69,,,,
954.072.813-41,,,,
072.481.356-15,,,,
254.903.178-41,,,,
913.450.287-41,,,,
612.897.504-67,,,,
923.681.047-12,,,,
014.293.758-41,,,,
701.568.923-59,,,,
251.067.893-11,,,,
187.260.534-62,,,,
876.259.014-67,,,,
907.658.123-12,,,,
502.136.784-62,,,,
583.016.249-14,2,2,,
259.817.403-88,,,,
731.948.265-73,,,,
531.687.094-84,,,,
708.196.254-85,,,,
805.726.139-11,,,,
489.017.265-31,,,,
479.182.305-23,,,,
782.693.510-59,,,,
958.347.102-12,,,,
257.631.940-81,,,,
687.239.405-65,,,,
097.265.418-67,,,,
780.159.362-68,,,,
325.904.876-65,,,,
301.965.247-25,,,,
842.539.017-61,,,,
608.497.135-11,,,,
231.850.974-32,,,,
318.697.520-41,,,,
851.946.720-21,,,,
198.324.670-12,,,,
301.768.549-75,,,,
064.123.857-62,,,,
529.347.806-19,,,,
219.034.756-43,,,,
280.637.591-68,,,,
451.798.603-93,,,,
597.648.302-18,,,,
924.316.875-46,,,,
587.213.496-73,,,,
493.570.682-11,,,,
784.609.325-83,3,2,,
239.675.018-68,,,,
482.693.015-15,,,,
562.487.190-21,,,,
742.608.935-56,,,,
302.948.167-12,,,,
396.472.581-19,,,,
405.781.936-39,2,2,,
586.907.132-12,,,,
051.472.368-81,,,,
618.324.579-82,,,,
643.805.291-42,,,,
739.145.086-39,3,3,,
610.798.524-76,,,,
063.815.729-31,,,,
938.750.142-61,,,,
153.648.290-14,,,,
938.506.721-41,,,,
185.027.934-97,2,2,,
341.728.095-88,,,,
634.792.058-11,,,,
037.245.819-12,,,,
380.495.267-47,3,2,,
654.928.107-58,2,1,,
791.634.208-13,,,,
610.754.398-84,,,,
815.679.234-37,,,,
915.640.278-31,,,,
126.379.584-64,,,,
603.581.274-16,,,,
238.079.416-22,1,2,,
392.806.417-78,,,,
495.627.830-65,,,,
815.032.946-33,,,,
741.506.982-11,,,,
789.106.324-96,2,3,,
154.078.639-11,,,,
910.426.785-11,,,,
257.183.046-53,,,,
253.078.961-41,,,,
846.395.102-33,,,,
542.318.096-15,,,,
083.572.961-31,,,,
730.241.568-44,3,3,,
910.342.576-25,,,,
451.238.067-17,,,,
915.870.623-21,,,,
573.219.048-14,,,,
174.568.293-73,2,1,,
475.139.286-73,,,,
847.265.139-82,,,,
516.043.298-15,,,,
941.506.783-75,,,,
950.371.826-11,,,,
782.539.160-86,,,,
738.916.420-41,,,,
318.069.245-61,,,,
521.498.307-79,,,,
154.923.670-99,,,,
756.298.034-92,,,,
178.259.046-31,,,,
354.906.217-61,,,,
815.930.426-98,,,,
164.827.350-53,,,,
195.603.874-48,,,,
570.628.349-47,2,2,,
698.321.457-91,,,,
478.102.956-67,,,,
416.285.037-26,,,,
793.260.548-29,,,,
820.437.691-11,,,,
934.725.810-51,,,,
213.579.680-86,,,,
314.578.290-88,,,,
621.589.437-18,,,,
902.481.635-15,,,,
164.758.320-91,,,,
358.217.690-86,,,,
238.091.647-12,,,,
736.208.145-62,,,,
576.321.940-61,,,,
250.981.643-89,,,,
745.296.308-38,,,,
638.049.157-11,3,3,,
530.192.678-11,,,,
683.219.457-91,,,,
356.908.741-75,,,,
675.982.031-21,,,,
036.587.249-19,,,,
508.169.273-59,3,2,,
085.421.367-81,,,,
095.826.741-31,,,,
824.395.167-91,,,,
253.018.467-44,,,,
748.620.519-11,,,,
912.580.437-51,,,,
941.820.657-94,,,,
976.431.825-82,,,,
763.904.581-93,2,2,,
649.702.851-11,,,,
280.746.195-67,,,,
397.526.401-25,,,,
637.581.094-93,,,,
748.913.026-31,,,,
532.618.904-61,,,,
169.354.728-73,1,2,,
934.617.582-64,,,,
329.518.670-77,,,,
437.051.628-53,,,,
721.453.986-19,1,1,,
940.836.271-31,,,,
796.285.431-64,,,,
129.680.734-78,,,,
173.862.950-31,,,,
452.397.106-43,2,1,,
462.783.190-12,,,,
824.967.531-28,,,,
621.547.980-21,,,,
784.910.635-11,,,,
163.597.482-82,3,2,,
764.812.950-76,,,,
485.769.201-58,,,,
570.163.928-21,,,,
140.852.367-17,2,3,,
401.835.769-93,,,,
096.714.385-39,,,,
894.205.736-56,,,,
685.241.907-11,3,2,,
489.637.021-11,,,,
708.124.596-11,,,,
503.479.182-12,2,2,,
476.529.801-94,,,,
654.089.713-84,,,,
526.043.198-71,2,1,,
752.460.391-61,,,,
976.524.380-47,,,,
836.194.027-87,,,,
489.560.217-67,2,3,,
461.358.029-33,,,,
457.063.128-26,,,,
589.217.043-88,,,,
082.796.415-31,2,2,,
895.376.021-68,,,,
418.790.523-51,,,,
257.896.310-11,,,,
972.180.465-76,,,,
461.087.593-48,1,1,,
328.904.751-23,,,,
940.276.831-96,,,,
410.736.258-26,,,,
401.329.678-12,,,,
143.802.957-88,2,2,,
327.945.816-19,,,,
537.409.286-38,,,,
083.971.546-39,,,,
239.580.614-51,,,,
643.198.507-93,,,,
863.920.174-96,1,3,,
280.973.165-95,,,,
674.259.108-11,,,,
643.902.578-38,,,,
452.168.903-51,,,,
412.389.567-18,,,,
392.708.546-47,,,,
945.176.203-52,2,2,,
937.150.286-11,,,,
694.503.172-16,,,,
293.804.715-13,,,,
514.793.802-88,,,,
364.175.980-39,,,,
127.469.308-11,,,,
709.653.148-39,,,,
240.176.593-14,,,,
189.560.273-41,,,,
256.148.937-17,,,,
658.031.924-14,2,2,,
917.685.024-21,,,,
793.618.450-39,,,,
378.692.154-73,,,,
064.291.835-13,,,,
167.093.842-51,,,,
609.487.231-22,2,2,,
907.621.854-49,,,,
891.243.567-19,,,,
352.749.618-19,,,,
504.392.186-24,,,,
950.134.862-89,2,1,,
410.289.576-11,,,,
289.035.764-38,,,,
562.971.380-95,,,,
165.472.938-82,,,,
972.658.314-46,,,,
824.056.397-18,,,,
761.284.593-82,,,,
536.021.749-99,,,,
921.605.478-67,3,3,,
148.309.526-61,,,,
234.580.691-51,,,,
410.873.956-66,,,,
684.213.597-46,,,,
265.137.480-62,,,,
960.245.738-47,3,3,,
763.509.841-11,,,,
380.746.925-74,,,,
249.675.301-25,,,,
826.317.950-59,3,2,,
643.519.802-14,2,2,,
946.087.213-13,,,,
819.752.063-12,,,,
160.952.734-81,1,1,,
301.968.527-31,,,,
238.751.690-77,,,,
146.379.502-52,2,2,,
805.961.437-11,,,,
715.438.692-46,,,,
376.892.514-55,,,,
105.943.876-39,2,2,,
912.067.543-71,,,,
803.619.742-13,2,3,,
493.156.270-16,,,,
708.362.415-17,,,,
518.423.967-73,,,,
318.602.495-15,,,,
159.068.342-14,2,2,,
743.658.920-29,,,,
219.846.073-41,,,,
296.478.531-73,2,2,,
153.849.206-71,1,1,,
605.218.937-12,2,1,,
427.615.098-11,2,3,,
741.580.932-79,2,1,,
526.147.380-26,1,2,,
628.419.073-51,2,1,,
615.389.072-59,2,3,,
280.379.164-13,2,1,,
869.153.720-59,2,3,,
429.368.015-24,2,3,,
271.634.509-15,2,2,,
146.803.925-33,1,1,,
219.357.806-11,3,2,,
572.846.913-28,3,3,,
189.374.062-51,2,2,,
480.926.753-92,1,1,,
719.064.385-11,1,2,,
819.246.730-96,2,3,,
327.840.651-62,2,1,,
450.823.619-71,2,2,,
105.496.728-85,3,2,,
832.509.164-98,3,1,,
602.495.817-11,3,2,,
417.092.638-22,2,2,,
870.546.912-11,2,1,,
510.296.873-41,2,3,,
810.254.367-17,1,1,,
627.189.305-86,2,2,,
125.649.780-11,3,3,,
286.140.357-81,3,2,,
198.407.563-21,2,1,,
935.718.264-18,1,1,,
254.319.078-32,2,2,,
258.901.376-11,3,3,,
892.430.176-41,2,1,,
162.870.594-94,1,2,,
398.614.572-91,3,3,,
748.612.903-51,1,1,,
049.621.837-96,1,1,,
720.816.549-11,3,2,,
731.624.809-22,2,1,,
037.692.145-52,2,2,,
851.640.397-11,3,1,,
783.429.510-14,2,3,,
918.536.407-19,3,2,,
731.950.684-19,1,1,,
241.069.758-58,2,2,,
075.924.168-67,2,1,,
569.702.134-81,1,2,,
017.423.689-13,2,1,,
052.749.368-65,3,2,,
715.390.846-39,3,3,,
163.982.045-14,2,1,,
257.869.403-65,2,1,,
430.865.927-29,2,1,,
487.960.531-19,2,1,,
286.103.754-71,2,2,,
638.791.405-11,1,1,,
692.407.358-11,3,2,,
091.685.432-98,2,1,,
352.689.714-17,1,1,,
812.945.673-73,2,2,,
067.932.148-96,1,1,,
024.869.573-83,2,1,,
587.306.194-75,2,2,,
698.012.374-22,1,3,,
235.418.907-97,2,3,,
980.437.165-11,2,3,,
728.603.954-74,1,3,,
496.783.015-39,3,1,,
374.518.069-11,2,2,,
124.675.089-94,3,2,,
198.760.532-21,2,3,,
203.816.749-41,1,1,,
406.875.213-35,2,2,,
265.810.349-24,2,3,,
873.690.542-92,2,2,,
486.923.501-33,3,3,,
706.491.538-39,3,2,,
051.839.674-66,2,2,,
607.254.391-14,2,2,,
472.651.098-31,3,3,,
689.371.024-12,2,3,,
973.184.562-37,1,3,,
926.403.857-47,2,1,,
480.215.693-61,3,3,,
782.059.314-88,2,3,,
462.389.157-73,1,1,,
261.837.950-11,2,1,,
357.064.892-38,3,3,,
358.026.197-59,2,2,,
240.971.638-51,2,1,,
316.582.794-17,1,3,,
876.153.420-15,2,1,,
028.743.591-14,1,1,,
726.085.194-58,3,3,,
387.260.541-16,2,1,,
658.073.192-31,1,1,,
187.394.650-39,1,1,,
412.859.076-21,1,1,,
504.629.817-11,1,1,,
284.916.375-91,3,2,,
231.746.058-91,2,1,,
302.618.975-86,2,3,,
417.620.983-69,2,3,,
786.930.512-11,3,1,,
713.259.046-43,2,2,,
073.269.845-65,2,3,,
097.625.438-74,3,2,,
782.564.019-58,1,1,,
954.061.283-71,2,1,,
953.042.867-74,3,1,,
975.841.306-66,2,1,,
086.941.735-57,2,2,,
721.436.509-14,3,1,,
496.032.875-47,2,1,,
039.526.184-89,3,1,,
812.634.759-73,2,1,,
376.952.014-99,2,1,,
754.608.392-38,2,2,,
869.712.453-18,2,3,,
312.807.546-81,,1,,
893.762.154-19,2,2,,
096.714.238-51,1,3,,
981.430.752-14,2,3,,
239.765.480-65,2,3,,
482.961.057-31,2,2,,
920.751.863-59,2,1,,
354.268.197-18,1,1,,
820.791.643-51,1,1,,
613.870.249-22,3,1,,
901.265.843-89,2,3,,
978.603.541-11,2,2,,
745.083.926-11,1,1,,
013.764.928-22,3,2,,
197.380.624-11,2,3,,
719.632.854-17,2,1,,
136.285.049-71,2,3,,
190.624.783-87,1,1,,
864.930.217-31,2,2,,
614.780.529-11,2,2,,
906.514.372-61,2,1,,
945.380.167-48,1,1,,
492.367.180-78,2,3,,
893.546.702-29,2,1,,
254.319.670-61,2,1,,
142.730.596-14,2,1,,
290.574.861-31,1,1,,
654.930.281-15,2,3,,
260.574.193-16,3,3,,
928.137.546-17,2,2,,
975.602.814-94,2,2,,
570.124.839-97,2,3,,
231.085.769-68,1,3,,
703.285.169-11,2,1,,
803.261.594-61,2,1,,
037.146.985-66,1,2,,
206.849.571-67,2,3,,
056.831.479-48,1,1,,
409.613.257-81,2,1,,
682.097.513-95,1,1,,
560.172.843-71,2,1,,
135.204.786-17,2,1,,
749.523.618-37,3,2,,
173.945.802-88,3,3,,
563.021.489-61,2,3,,
306.495.812-71,2,3,,
760.243.189-87,3,3,,
765.102.438-91,2,2,,
653.824.709-11,2,3,,
741.280.593-23,2,3,,
302.185.679-95,2,2,,
925.607.843-19,3,3,,
238.169.405-61,1,1,,
312.465.098-14,1,2,,
876.319.520-86,1,2,,
170.893.462-69,3,1,,
608.592.143-89,2,1,,
178.064.923-13,2,3,,
791.630.452-14,,1,,
254.397.801-14,2,1,,
492.671.805-76,1,1,,
843.217.596-17,2,3,,
987.610.435-75,3,1,,
183.490.567-21,2,3,,
832.075.194-23,2,2,,
231.890.574-61,1,1,,
328.576.091-59,2,1,,
109.728.643-69,2,3,,
924.735.618-18,,3,,
651.382.409-51,2,1,,
831.970.546-11,1,1,,
256.389.104-33,2,1,,
590.871.243-41,2,2,,
763.094.581-75,2,3,,
604.781.352-62,2,3,,
920.675.834-92,2,3,,
530.729.684-38,1,1,,
385.297.614-64,3,2,,
846.079.231-51,3,2,,
930.426.851-61,2,1,,
682.043.179-13,1,3,,
759.163.024-52,2,3,,
469.805.217-31,3,1,,
587.421.369-46,2,3,,
706.385.421-62,2,1,,
351.720.984-88,2,2,,
948.756.201-11,2,2,,
398.402.571-88,1,2,,
723.908.651-86,2,2,,
529.438.706-92,1,2,,
152.986.734-73,3,2,,
296.435.718-82,3,3,,
508.917.362-12,3,3,,
756.948.302-29,2,3,,
034.976.182-51,2,1,,
842.039.156-51,1,3,,
195.072.836-68,2,3,,
764.013.825-62,1,1,,
964.071.532-81,3,2,,
479.685.013-93,2,1,,
758.903.426-65,2,2,,
968.417.352-18,2,2,,
298.657.104-21,2,1,,
412.085.736-16,,2,,
023.469.875-65,2,2,,
719.084.325-61,2,3,,
072.389.615-12,3,1,,
743.208.165-44,1,1,,
013.469.857-66,2,3,,
743.926.085-65,3,2,,
901.527.684-67,3,3,,
918.452.370-13,3,3,,
930.872.514-88,2,3,,
672.450.391-43,2,2,,
861.209.437-22,2,3,,
698.740.123-31,2,2,,
218.467.953-46,2,3,,
254.896.307-11,1,2,,
782.694.135-18,2,1,,
018.649.523-42,2,3,,
458.963.170-93,3,1,,
340.759.628-65,1,1,,
654.021.938-51,2,2,,
849.726.031-78,3,3,,
081.953.746-21,3,1,,
085.634.921-61,2,1,,
032.964.581-15,1,1,,
803.479.156-39,2,1,,
920.476.358-29,2,2,,
087.561.293-86,2,1,,
671.092.584-67,3,2,,
623.947.058-92,2,1,,
094.518.263-51,1,3,,
287.603.451-44,1,2,,
463.127.980-11,3,1,,
451.067.328-16,3,3,,
216.459.783-46,2,1,,
673.910.584-75,3,2,,
216.507.943-81,1,3,,
209.438.671-69,1,3,,
452.670.938-74,3,1,,
970.652.418-58,1,3,,
302.591.876-41,2,1,,
798.413.560-66,3,1,,
845.931.067-11,1,3,,
961.702.435-71,1,2,,
920.854.736-11,2,2,,
041.786.235-16,2,3,,
062.398.571-31,1,3,,
026.897.543-47,1,3,,
918.236.057-11,2,2,,
490.613.827-69,3,1,,
135.870.294-23,1,2,,
037.948.165-11,3,2,,
017.246.583-44,2,1,,
760.589.324-83,3,3,,
706.219.348-87,3,3,,
869.135.740-11,2,3,,
238.109.467-96,1,3,,
193.807.425-41,3,3,,
820.943.175-79,2,2,,
142.950.687-31,2,1,,
407.951.382-88,1,2,,
452.698.730-11,1,2,,
936.412.078-78,1,1,,
526.180.793-11,3,3,,
120.356.849-51,2,3,,
194.327.658-73,2,3,,
372.596.408-47,3,2,,
681.304.975-57,2,3,,
582.310.796-11,1,3,,
163.840.957-93,2,1,,
459.126.870-58,1,2,,
289.354.176-37,2,3,,
513.864.027-53,2,2,,
471.526.093-14,3,1,,
219.865.740-67,1,1,,
175.380.629-12,1,2,,
689.057.143-66,2,1,,
794.682.513-73,3,2,,
430.682.951-14,3,3,,
801.534.276-71,3,2,,
386.970.514-11,2,1,,
127.648.309-12,2,3,,
126.489.750-21,2,3,,
403.857.126-26,2,1,,
207.918.536-59,2,1,,
473.185.096-75,2,1,,
704.986.532-18,1,2,,
670.928.135-31,2,2,,
769.412.805-49,3,2,,
217.083.649-78,3,1,,
312.457.098-79,2,3,,
805.142.967-21,2,2,,
450.782.691-85,3,1,,
079.324.561-34,2,3,,
921.568.370-41,2,3,,
804.956.127-58,1,3,,
734.890.126-31,3,3,,
280.734.159-41,3,2,,
035.619.247-43,2,3,,
675.413.290-61,2,1,,
105.874.263-91,3,3,,
865.327.409-18,3,1,,
246.307.589-92,1,2,,
703.612.948-41,3,1,,
721.594.836-64,2,3,,
467.208.391-87,2,3,,
814.509.627-85,1,1,,
248.316.957-18,3,2,,
263.947.158-91,3,3,,
514.362.907-16,1,2,,
709.123.465-15,1,3,,
295.017.836-77,2,1,,
861.423.970-11,2,1,,
784.651.320-62,1,3,,
098.273.645-29,1,3,,
623.058.149-33,3,3,,
048.527.169-94,1,1,,
513.246.087-91,3,2,,
261.493.075-14,1,2,,
402.813.597-41,3,3,,
270.918.364-13,1,1,,
346.957.021-34,3,1,,
514.897.360-93,3,3,,
789.015.263-95,1,3,,
531.296.470-15,1,1,,
823.510.467-91,1,3,,
185.293.640-15,3,2,,
754.861.302-44,3,1,,
732.841.965-28,3,3,,
387.204.915-14,1,3,,
795.631.482-82,2,3,,
102.497.865-67,3,1,,
519.724.083-13,3,2,,
863.927.104-69,2,2,,
387.106.592-77,3,3,,
160.538.794-11,2,1,,
361.942.507-81,1,2,,
824.601.753-53,1,3,,
192.675.483-28,2,1,,
856.103.472-62,1,3,,
239.670.584-92,3,2,,
869.352.417-82,1,1,,
368.109.542-61,2,2,,
709.314.258-32,3,3,,
532.098.716-12,1,1,,
462.591.037-43,1,3,,
165.874.329-64,2,3,,
396.275.108-41,1,3,,
893.642.170-12,2,2,,
857.296.340-56,1,2,,
367.890.412-22,2,3,,
619.574.328-37,3,2,,
037.562.941-61,3,2,,
328.507.694-11,3,2,,
259.631.047-34,1,1,,
276.431.908-87,3,1,,
983.056.712-59,2,3,,
912.036.847-11,3,3,,
237.195.086-68,2,2,,
397.684.512-46,3,2,,
649.781.305-57,1,3,,
091.685.372-12,2,2,,
485.326.791-37,1,2,,
258.469.107-85,3,2,,
352.709.641-81,1,1,,
164.739.280-22,2,1,,
504.123.987-88,3,2,,
125.384.697-91,3,1,,
427.963.105-15,2,3,,
023.149.786-51,3,3,,
173.590.842-88,2,1,,
728.045.963-38,3,3,,
257.419.068-85,3,1,,
712.950.348-32,1,3,,
968.514.072-31,2,2,,
547.213.690-34,2,1,,
501.438.927-97,3,3,,
371.402.859-51,3,1,,
703.581.264-44,3,2,,
168.295.407-21,1,2,,
301.249.685-89,3,1,,
507.361.984-66,2,2,,
481.507.926-94,2,2,,
701.392.854-23,2,1,,
869.237.140-87,2,3,,
398.502.164-33,3,1,,
452.807.136-35,2,3,,
231.890.764-13,2,3,,
792.683.501-31,2,3,,
721.546.830-53,1,1,,
597.283.016-77,1,1,,
513.279.480-79,1,3,,
590.162.784-94,1,1,,
187.923.046-13,3,3,,
642.309.518-33,2,2,,
196.385.704-66,2,1,,
136.589.270-11,3,1,,
501.782.364-62,1,1,,
295.106.437-34,1,2,,
815.429.370-61,2,3,,
392.654.071-15,1,1,,
682.519.703-77,3,3,,
850.436.921-89,2,3,,
489.103.526-98,2,1,,
182.435.067-81,2,1,,
097.235.416-61,3,3,,
892.530.764-29,1,1,,
368.091.472-51,1,1,,
964.302.518-71,2,3,,
421.596.870-49,2,1,,
796.582.413-28,1,2,,
341.270.658-26,1,3,,
975.603.241-34,2,1,,
513.940.682-98,3,3,,
465.730.982-18,3,2,,
742.895.160-76,2,3,,
140.385.726-17,3,1,,
037.249.516-81,3,2,,
413.685.720-91,2,1,,
652.019.743-25,2,2,,
824.635.790-56,1,1,,
842.167.503-62,3,1,,
481.920.735-13,2,2,,
475.193.206-34,1,3,,
823.761.504-26,3,3,,
540.169.273-15,2,3,,
265.410.937-25,3,3,,
758.916.203-59,3,3,,
674.230.589-47,1,1,,
214.865.907-31,3,1,,
513.970.826-41,1,2,,
263.971.450-34,2,3,,
349.502.817-12,2,2,,
859.076.321-86,1,2,,
602.954.138-24,2,3,,
104.956.873-75,2,3,,
276.485.139-19,1,2,,
536.180.297-21,3,3,,
842.397.150-32,1,2,,
521.647.983-17,2,3,,
352.049.768-92,3,3,,
936.581.427-82,2,1,,
468.731.520-81,1,3,,
802.651.734-26,3,2,,
130.265.987-12,1,3,,
071.548.693-48,3,1,,
012.598.437-51,2,1,,
375.149.286-18,2,1,,
053.679.481-21,3,2,,
106.492.573-16,1,2,,
964.051.273-71,3,2,,
973.680.254-18,1,3,,
061.542.937-81,,,,
425.710.986-67,,,,
087.295.643-11,,,,
306.518.249-15,,,,
385.062.149-98,,,,
874.560.329-47,,,,
461.208.593-14,,,,
029.184.637-87,,,,
081.356.794-75,,,,
803.467.259-92,,,,
972.486.350-65,,,,
036.549.827-19,,,,
392.581.406-13,,,,
395.802.417-32,,,,
340.198.275-32,,,,
384.570.912-12,,,,
604.152.973-71,,,,
837.962.540-47,,,,
063.248.159-51,,,,
463.715.892-37,,,,
594.607.381-84,,,,
478.012.695-94,,,,