,CPF,AveragePerformance
0,678.042.935-18,2.5
1,089.324.175-12,2.0
2,587.416.093-11,2.0
3,375.410.982-13,2.75
4,652.134.809-42,1.75
5,560.478.392-74,2.0
6,304.915.286-98,3.0
7,584.619.230-14,2.5
8,432.950.186-42,2.5
9,675.489.102-58,1.75
10,129.540.376-52,2.0
11,047.821.956-31,1.75
12,435.082.961-13,1.75
13,410.695.387-11,2.0
14,209.731.654-99,1.5
15,876.315.024-71,2.5
16,759.460.831-39,2.5
17,238.490.617-87,1.75
18,132.605.489-98,2.5
19,840.712.963-13,2.0
20,923.640.157-15,1.0
21,970.463.128-69,2.5
22,109.754.683-75,2.0
23,356.172.498-19,1.75
24,297.605.318-95,1.75
25,583.106.279-12,1.75
26,360.895.721-95,1.5
27,602.751.439-61,2.25
28,036.194.728-31,2.0
29,340.172.895-41,1.0
30,508.194.736-93,1.25
31,068.921.357-31,1.75
32,973.450.281-61,1.75
33,589.640.172-85,2.25
34,948.156.073-21,2.0
35,192.564.087-67,2.25
36,346.259.870-83,1.75
37,651.394.208-13,2.0
38,029.567.431-81,2.0
39,682.970.534-74,2.25
40,137.249.860-51,1.5
41,527.631.049-16,2.5
42,267.531.904-14,2.25
43,637.294.015-99,2.5
44,470.218.539-12,1.5
45,720.681.539-12,1.75
46,815.462.739-64,1.25
47,564.203.719-61,2.0
48,386.495.170-48,2.5
49,532.897.461-19,2.0
50,793.415.682-18,1.75
51,325.694.178-82,2.25
52,193.078.245-41,3.0
53,781.256.093-77,2.25
54,529.078.634-11,1.75
55,730.852.946-19,1.75
56,984.730.561-75,2.0
57,354.978.061-39,1.5
58,370.894.126-87,2.0
59,925.346.017-25,2.25
60,132.975.064-15,2.0
61,253.480.791-97,2.0
62,546.890.721-67,1.25
63,820.346.195-61,1.75
64,169.430.587-21,2.3333333333333335
65,102.493.785-23,2.5
66,836.240.175-35,2.25
67,128.640.953-51,2.0
68,526.314.087-81,2.5
69,568.713.024-17,2.0
70,752.980.641-67,3.0
71,965.387.102-12,1.5
72,902.153.678-12,2.6666666666666665
73,036.941.258-33,2.25
74,168.297.035-31,1.75
75,526.047.381-71,1.75
76,725.690.481-94,1.25
77,286.931.470-13,2.5
78,610.548.237-15,2.25
79,796.354.012-99,2.3333333333333335
80,853.920.476-29,2.0
81,640.981.357-11,1.5
82,475.802.139-23,2.5
83,321.409.567-61,1.25
84,317.026.594-61,2.25
85,832.967.410-11,2.25
86,410.896.325-33,2.5
87,194.672.530-71,2.0
88,568.930.241-42,2.25
89,107.245.389-41,1.5
90,670.534.812-71,1.75
91,319.582.604-61,1.75
92,319.246.857-28,3.0
93,432.981.560-51,2.0
94,832.145.706-17,2.25
95,856.739.204-74,1.75
96,914.763.520-71,2.0
97,854.769.321-19,2.0
98,915.403.872-32,1.5
99,756.139.048-39,2.5
100,958.731.624-17,2.5
101,470.823.691-31,2.3333333333333335
102,243.908.671-13,2.25
103,543.068.217-91,2.0
104,478.163.925-91,2.0
105,734.850.962-29,2.0
106,835.921.407-79,1.6666666666666667
107,835.271.690-59,1.75
108,504.863.172-26,2.0
109,269.148.305-33,2.0
110,529.167.408-31,1.75
111,206.134.597-25,2.25
112,673.091.824-13,2.0
113,169.528.074-11,1.75
114,135.692.478-64,2.0
115,174.683.205-35,2.0
116,986.324.075-38,1.75
117,029.156.843-24,2.25
118,031.284.796-31,2.25
119,793.548.610-75,1.75
120,827.639.054-47,2.0
121,150.923.764-14,3.0
122,038.465.927-65,2.0
123,640.539.782-38,2.25
124,897.213.605-11,2.0
125,826.917.405-11,3.0
126,948.570.612-11,1.25
127,874.095.162-67,2.0
128,935.402.871-32,2.0
129,175.608.432-71,1.75
130,520.917.643-61,1.75
131,154.807.623-62,1.0
132,726.540.193-14,1.25
133,891.562.473-46,2.0
134,430.218.657-71,2.25
135,254.139.867-18,2.0
136,082.754.963-65,2.5
137,859.264.137-37,2.25
138,871.063.425-81,1.5
139,142.735.809-51,2.0
140,159.608.724-21,1.75
141,936.710.524-14,2.0
142,206.387.915-11,2.25
143,705.123.694-61,2.0
144,923.784.516-28,1.75
145,241.395.087-79,1.5
146,597.638.420-18,2.0
147,641.590.237-71,2.0
148,138.072.654-91,2.25
149,735.680.219-86,1.25
150,912.307.485-12,1.75
151,546.271.380-16,1.75
152,257.031.948-14,1.25
153,380.517.624-44,2.0
154,307.619.582-41,2.0
155,574.936.280-92,2.0
156,516.894.720-49,2.0
157,482.095.361-33,2.0
158,841.659.273-17,3.0
159,592.107.368-77,2.0
160,805.273.164-15,2.25
161,081.697.345-84,2.25
162,126.094.738-69,2.0
163,614.308.725-35,1.6666666666666667
164,834.097.126-31,2.0
165,105.963.274-81,2.5
166,517.940.632-34,2.25
167,374.906.285-47,3.0
168,503.267.481-81,1.75
169,684.720.915-11,2.0
170,516.784.023-62,2.25
171,218.043.659-98,3.0
172,451.793.260-52,1.75
173,295.643.178-19,2.25
174,162.495.803-61,2.0
175,468.231.975-28,2.0
176,697.231.408-96,1.0
177,206.514.798-94,1.75
178,952.430.718-97,2.25
179,583.491.260-51,1.5
180,014.679.352-81,2.0
181,263.801.574-17,2.0
182,397.862.015-41,2.5
183,046.539.271-71,2.5
184,275.438.619-17,2.0
185,068.219.547-21,2.5
186,984.351.270-79,2.5
187,681.370.459-11,1.5
188,392.145.760-25,2.25
189,297.136.458-55,2.0
190,680.157.943-66,2.3333333333333335
191,056.389.712-11,2.0
192,176.439.028-87,2.0
193,187.392.064-41,2.0
194,354.281.097-51,2.0
195,417.286.309-41,1.25
196,136.897.245-46,1.75
197,506.179.283-12,2.5
198,982.013.645-89,1.6666666666666667
199,470.839.261-31,2.5
200,514.873.609-75,2.25
201,491.680.752-94,2.0
202,794.835.610-19,1.75
203,682.794.015-21,1.75
204,640.183.957-11,1.5
205,820.649.175-94,2.3333333333333335
206,187.465.390-93,2.0
207,316.289.450-61,2.0
208,215.086.943-89,2.5
209,984.521.073-23,2.5
210,480.561.293-24,2.0
211,075.963.412-25,2.0
212,086.542.931-61,2.5
213,235.714.689-37,2.0
214,527.983.460-29,3.0
215,928.704.136-96,2.0
216,806.752.493-92,2.25
217,891.435.067-39,1.75
218,259.783.604-56,1.75
219,510.368.279-68,2.0
220,862.904.375-18,1.75
221,896.403.217-96,1.0
222,590.316.724-16,1.25
223,573.068.294-83,1.25
224,498.650.273-56,1.75
225,307.492.685-65,1.75
226,480.627.913-78,2.0
227,804.269.713-96,1.75
228,280.769.134-11,1.25
229,248.931.570-61,1.75
230,359.768.021-68,2.0
231,793.856.401-19,1.6666666666666667
232,678.913.254-64,2.0
233,283.415.076-17,1.6666666666666667
234,460.753.812-44,2.0
235,891.632.504-89,1.0
236,105.924.687-21,1.75
237,032.894.517-12,2.0
238,721.835.694-17,1.5
239,092.751.643-81,1.75
240,862.715.934-37,1.0
241,569.183.247-64,1.5
242,659.478.023-92,1.75
243,197.638.054-57,1.75
244,079.514.682-58,2.0
245,641.283.759-18,1.6666666666666667
246,137.589.204-51,2.0
247,031.298.467-78,1.75
248,413.608.297-51,2.0
249,350.628.974-83,2.0
250,718.356.204-26,1.75
251,410.857.369-21,1.0
252,280.314.956-71,1.5
253,610.435.987-66,1.75
254,983.421.750-14,2.0
255,718.463.092-12,1.5
256,897.431.052-12,1.25
257,892.704.531-97,1.0
258,571.839.246-37,2.0
259,354.860.127-81,1.75
260,412.980.576-21,1.3333333333333333
261,847.653.290-38,1.75
262,498.753.601-39,2.0
263,753.418.690-11,2.0
264,047.615.983-11,2.0
265,371.426.985-19,1.0
266,139.458.027-41,1.75
267,065.213.948-51,2.0
268,852.736.049-74,2.0
269,875.016.439-21,2.0
270,201.986.375-86,2.0
271,294.815.630-14,1.75
272,921.370.654-52,1.75
273,517.829.403-32,1.75
274,531.062.987-41,1.75
275,689.243.705-29,2.0
276,073.628.951-86,1.75
277,507.981.624-49,2.0
278,295.673.804-65,1.5
279,843.956.102-42,1.75
280,951.870.324-88,2.0
281,430.128.679-96,1.75
282,362.785.049-11,2.0
283,078.159.324-79,1.5
284,825.604.317-26,1.75
285,839.704.615-11,2.0
286,538.170.942-13,2.0
287,147.590.382-13,2.0
288,478.260.935-38,1.75
289,418.973.025-41,1.75
290,197.624.058-11,1.75
291,097.154.832-32,1.25
292,208.164.759-11,1.0
293,249.716.358-82,1.75
294,574.602.138-53,1.75
295,341.952.678-46,2.0
296,379.821.560-11,2.0
297,208.163.975-11,2.0
298,079.123.865-21,1.75
299,209.756.831-95,1.25
300,416.083.592-98,1.75
301,173.854.920-88,1.75
302,142.869.507-94,1.5
303,943.261.580-42,2.0
304,716.934.085-21,1.25
305,902.365.841-89,1.75
306,142.793.685-46,1.5
307,719.523.860-12,1.75
308,715.630.298-12,2.0
309,824.956.103-15,1.75
310,490.526.381-61,2.0
311,687.935.421-19,1.5
312,748.590.316-11,1.75
313,236.541.908-98,2.0
314,632.850.491-89,2.0
315,280.143.695-13,1.25
316,456.137.082-15,2.0
317,409.671.583-21,1.75
318,306.298.547-18,1.0
319,529.418.603-98,1.75
320,916.082.735-12,1.5
321,528.601.743-62,2.0
322,978.645.102-31,1.5
323,829.745.106-21,2.0
324,072.561.934-16,2.0
325,163.745.092-34,1.75
326,512.603.798-68,1.5
327,920.518.347-41,1.5
328,961.503.278-68,2.0
329,942.867.153-37,1.75
330,508.461.923-14,2.0
331,653.079.184-11,1.5
332,275.018.639-11,1.75
333,372.960.815-11,1.75
334,195.086.723-41,1.5
335,037.512.486-17,2.0
336,019.652.738-41,1.75
337,580.672.943-56,1.0
338,518.760.492-94,1.75
339,872.195.034-23,2.0
340,901.723.584-51,1.5
341,087.631.459-11,2.0
342,729.648.503-56,1.25
343,857.043.169-48,1.75
344,249.730.816-12,1.75
345,964.103.287-96,1.25
346,156.720.483-15,1.75
347,670.213.495-99,1.5
348,426.508.179-76,1.75
349,078.349.156-57,2.0
350,734.289.561-17,1.75
351,316.247.859-64,2.0
352,982.450.763-92,1.75
353,839.014.567-75,2.0
354,972.451.083-23,1.6666666666666667
355,059.124.376-81,1.6666666666666667
356,526.049.371-15,2.3333333333333335
357,357.462.980-18,2.3333333333333335
358,915.347.082-61,1.6666666666666667
359,702.185.493-51,2.0
360,589.203.714-23,2.3333333333333335
361,871.630.549-39,2.0
362,671.045.238-71,2.0
363,743.128.569-82,2.3333333333333335
364,192.437.056-52,2.3333333333333335
365,763.921.048-87,2.0
366,130.489.756-75,2.3333333333333335
367,359.628.074-56,1.6666666666666667
368,302.978.614-51,2.0
369,930.587.642-19,
370,973.801.654-11,1.6666666666666667
371,326.809.517-86,2.3333333333333335
372,719.650.482-85,2.0
373,407.528.691-67,2.3333333333333335
374,958.143.260-42,2.3333333333333335
375,361.847.290-12,2.0
376,813.247.065-62,2.3333333333333335
377,904.635.781-39,1.6666666666666667
378,102.597.483-23,2.0
379,819.035.274-14,1.6666666666666667
380,716.529.408-21,2.0
381,298.345.610-24,1.6666666666666667
382,498.312.075-13,2.0
383,928.047.153-88,2.0
384,614.780.329-87,2.3333333333333335
385,790.152.436-71,1.6666666666666667
386,876.915.304-39,2.3333333333333335
387,573.801.694-75,2.0
388,650.749.182-94,1.6666666666666667
389,285.341.670-44,2.0
390,017.926.584-94,1.6666666666666667
391,674.158.320-35,
392,736.548.190-11,2.0
393,360.129.485-14,2.0
394,635.142.078-44,1.6666666666666667
395,854.236.071-16,1.6666666666666667
396,475.810.963-19,2.0
397,831.976.405-19,2.0
398,965.384.210-24,2.3333333333333335
399,398.657.140-19,2.3333333333333335
400,094.138.527-23,2.3333333333333335
401,091.824.673-31,2.3333333333333335
402,827.319.506-68,2.3333333333333335
403,620.749.518-76,2.3333333333333335
404,264.718.395-37,2.3333333333333335
405,806.175.423-17,2.3333333333333335
406,240.816.753-17,2.0
407,097.831.562-68,2.0
408,321.849.507-51,2.0
409,365.489.217-55,1.6666666666666667
410,713.564.829-37,2.3333333333333335
411,471.290.635-99,2.0
412,956.243.718-37,2.0
413,065.749.281-76,2.3333333333333335
414,807.259.463-18,2.0
415,082.751.693-21,2.3333333333333335
416,405.931.726-81,2.3333333333333335
417,489.623.501-14,
418,716.942.805-94,2.3333333333333335
419,059.684.137-19,2.3333333333333335
420,045.369.712-71,2.3333333333333335
421,701.582.934-79,1.6666666666666667
422,630.248.175-91,1.6666666666666667
423,127.695.408-58,1.6666666666666667
424,235.861.407-62,2.3333333333333335
425,342.617.058-26,1.6666666666666667
426,460.731.829-96,1.6666666666666667
427,251.043.869-71,2.0
428,539.107.842-32,1.6666666666666667
429,460.715.398-21,2.0
430,549.387.120-32,1.6666666666666667
431,105.729.386-59,1.6666666666666667
432,596.437.201-52,2.0
433,034.591.672-71,1.6666666666666667
434,509.483.627-74,2.3333333333333335
435,932.457.106-15,2.0
436,561.380.742-62,1.6666666666666667
437,968.315.024-15,1.6666666666666667
438,160.732.459-81,1.6666666666666667
439,652.809.173-11,1.6666666666666667
440,205.784.369-65,1.6666666666666667
441,651.347.028-53,1.6666666666666667
442,271.594.380-61,1.6666666666666667
443,094.182.356-33,1.6666666666666667
444,537.240.918-51,1.6666666666666667
445,374.615.092-25,2.0
446,391.276.804-87,1.6666666666666667
447,126.537.904-16,2.3333333333333335
448,164.937.250-71,
449,631.597.842-82,2.3333333333333335
450,158.962.430-14,2.3333333333333335
451,039.681.725-41,2.3333333333333335
452,978.021.534-41,2.3333333333333335
453,160.897.325-59,1.6666666666666667
454,243.579.186-18,1.6666666666666667
455,278.953.014-97,1.6666666666666667
456,543.912.678-37,2.3333333333333335
457,360.985.741-21,2.0
458,492.567.380-74,1.6666666666666667
459,849.107.236-51,1.6666666666666667
460,602.148.739-78,2.3333333333333335
461,523.946.108-24,2.3333333333333335
462,471.238.950-88,2.0
463,139.260.784-13,1.6666666666666667
464,178.056.429-58,2.0
465,893.617.024-41,2.3333333333333335
466,071.689.325-86,2.3333333333333335
467,647.823.501-71,2.0
468,654.872.013-15,2.3333333333333335
469,987.103.564-11,2.3333333333333335
470,137.264.508-15,2.3333333333333335
471,695.130.874-84,2.0
472,580.164.793-75,2.0
473,049.135.278-61,2.0
474,185.624.097-58,2.3333333333333335
475,247.058.163-15,2.3333333333333335
476,426.795.130-61,2.3333333333333335
477,741.036.298-78,1.6666666666666667
478,021.563.489-61,2.3333333333333335
479,145.832.967-46,2.3333333333333335
480,571.639.840-57,2.0
481,914.025.387-23,2.3333333333333335
482,378.460.512-53,2.0
483,486.790.235-74,2.0
484,357.184.960-48,1.6666666666666667
485,768.031.925-12,2.0
486,304.876.591-39,1.6666666666666667
487,182.706.934-13,2.0
488,231.960.785-41,
489,014.928.563-98,2.3333333333333335
490,065.923.187-59,1.6666666666666667
491,136.290.548-89,1.6666666666666667
492,975.380.416-48,1.6666666666666667
493,769.342.815-19,1.6666666666666667
494,768.394.015-11,1.6666666666666667
495,758.036.912-59,2.0
496,597.230.418-12,2.0
497,204.358.197-12,2.0
498,402.976.158-58,2.3333333333333335
499,365.129.780-21,2.3333333333333335
500,562.983.740-19,2.3333333333333335
501,210.837.956-86,1.6666666666666667
502,032.574.186-71,1.6666666666666667
503,461.820.973-96,2.3333333333333335
504,278.530.614-71,1.6666666666666667
505,984.657.102-11,2.3333333333333335
506,681.294.730-11,2.3333333333333335
507,907.182.365-21,2.0
508,927.465.381-64,2.3333333333333335
509,074.165.298-67,2.3333333333333335
510,532.694.081-71,1.6666666666666667
511,294.803.561-98,2.3333333333333335
512,028.379.564-65,1.6666666666666667
513,137.495.826-37,2.3333333333333335
514,815.743.296-18,1.6666666666666667
515,254.761.098-11,1.6666666666666667
516,729.014.658-11,2.3333333333333335
517,139.568.027-21,1.6666666666666667
518,384.216.570-62,1.6666666666666667
519,194.035.826-42,
520,273.690.154-16,2.3333333333333335
521,056.481.293-51,2.3333333333333335
522,806.932.547-18,2.0
523,047.165.382-91,2.0
524,764.523.081-91,2.0
525,186.350.294-71,2.3333333333333335
526,670.431.295-16,2.0
527,593.012.864-24,2.3333333333333335
528,316.740.825-17,2.3333333333333335
529,213.968.750-77,2.3333333333333335
530,748.253.169-64,1.6666666666666667
531,932.140.587-97,2.3333333333333335
532,780.619.425-85,1.6666666666666667
533,843.567.012-16,1.6666666666666667
534,315.607.924-34,1.6666666666666667
535,617.453.208-91,2.3333333333333335
536,203.719.584-23,2.0
537,148.960.275-58,1.6666666666666667
538,784.130.526-53,1.6666666666666667
539,587.961.423-91,2.0
540,981.062.534-14,2.0
541,205.678.431-91,
542,130.952.874-88,2.3333333333333335
543,594.387.602-29,2.0
544,320.671.458-35,1.6666666666666667
545,584.206.137-62,1.6666666666666667
546,689.375.201-68,1.6666666666666667
547,457.602.938-18,2.0
548,247.198.035-12,2.3333333333333335
549,307.169.428-87,1.6666666666666667
550,705.498.216-94,2.0
551,087.253.641-62,2.3333333333333335
552,298.163.457-73,2.3333333333333335
553,971.520.843-61,1.6666666666666667
554,253.987.164-17,2.3333333333333335
555,728.104.963-31,2.3333333333333335
556,749.023.568-56,1.6666666666666667
557,410.375.289-13,2.0
558,469.135.280-51,2.3333333333333335
559,594.873.062-18,
560,930.671.842-11,2.0
561,867.592.034-29,2.0
562,784.153.069-21,2.0
563,581.027.693-86,2.3333333333333335
564,586.429.710-11,
565,961.740.538-57,1.6666666666666667
566,249.316.587-17,1.6666666666666667
567,257.843.960-56,2.0
568,795.063.241-15,2.0
569,082.317.546-44,
570,530.489.761-75,1.6666666666666667
571,361.457.089-48,2.3333333333333335
572,289.764.351-17,1.6666666666666667
573,602.317.589-95,2.3333333333333335
574,491.520.783-88,2.0
575,729.104.863-11,1.6666666666666667
576,632.194.058-51,1.6666666666666667
577,146.073.825-15,2.3333333333333335
578,514.930.287-23,1.6666666666666667
579,742.310.986-11,1.6666666666666667
580,501.378.692-41,1.6666666666666667
581,067.935.182-59,1.6666666666666667
582,814.697.052-49,2.3333333333333335
583,902.753.418-79,1.6666666666666667
584,745.261.089-11,2.3333333333333335
585,973.658.140-39,2.3333333333333335
586,910.465.328-98,1.6666666666666667
587,354.609.127-25,1.6666666666666667
588,170.635.284-16,1.6666666666666667
589,910.743.658-11,1.6666666666666667
590,354.160.298-89,2.0
591,938.041.725-12,1.6666666666666667
592,947.306.158-75,2.3333333333333335
593,268.491.307-22,2.0
594,521.306.798-11,2.3333333333333335
595,619.537.248-17,
596,157.903.842-51,2.3333333333333335
597,785.103.926-68,2.3333333333333335
598,941.736.850-84,1.6666666666666667
599,271.569.384-28,2.3333333333333335
600,637.158.920-21,2.3333333333333335
601,015.286.394-13,2.3333333333333335
602,701.594.862-11,2.3333333333333335
603,730.894.162-12,
604,042.351.978-61,2.0
605,356.148.297-17,2.3333333333333335
606,089.541.637-93,2.3333333333333335
607,527.138.694-55,2.3333333333333335
608,472.953.016-15,1.6666666666666667
609,035.791.826-68,2.0
610,715.340.286-17,1.6666666666666667
611,145.037.628-26,1.6666666666666667
612,574.026.193-71,1.6666666666666667
613,741.962.503-43,1.6666666666666667
614,092.785.463-56,1.6666666666666667
615,796.432.518-37,1.6666666666666667
616,482.395.710-51,2.3333333333333335
617,217.589.063-59,2.3333333333333335
618,142.703.659-43,2.0
619,056.928.147-49,1.6666666666666667
620,126.059.783-11,1.6666666666666667
621,738.659.214-18,1.6666666666666667
622,814.073.269-96,2.3333333333333335
623,503.127.468-91,2.0
624,602.145.739-15,2.0
625,809.364.712-12,2.3333333333333335
626,391.508.476-19,
627,816.305.927-31,2.3333333333333335
628,345.982.160-42,2.3333333333333335
629,072.518.364-16,2.0
630,725.381.946-28,2.3333333333333335
631,546.210.379-43,2.0
632,715.230.864-16,2.3333333333333335
633,135.926.048-13,2.0
634,759.286.104-67,2.0
635,981.072.456-11,2.3333333333333335
636,682.371.059-41,2.0
637,510.632.897-77,1.6666666666666667
638,749.051.263-81,2.0
639,248.576.319-46,1.6666666666666667
640,396.087.241-12,1.6666666666666667
641,354.678.201-17,
642,602.571.394-43,2.3333333333333335
643,057.892.461-76,2.0
644,931.804.765-75,2.0
645,046.325.197-15,2.0
646,643.258.971-19,2.0
647,690.274.385-11,2.3333333333333335
648,281.743.096-41,2.3333333333333335
649,865.241.309-61,2.0
650,946.178.052-49,2.0
651,935.821.406-61,2.0
652,728.546.903-38,1.6666666666666667
653,597.401.368-93,2.0
654,315.867.042-91,1.6666666666666667
655,935.620.871-95,2.0
656,139.452.086-71,2.3333333333333335
657,856.972.314-82,2.3333333333333335
658,835.497.016-75,2.0
659,165.398.074-57,1.6666666666666667
660,013.287.965-41,2.3333333333333335
661,326.541.790-52,2.3333333333333335
662,218.936.074-96,2.3333333333333335
663,907.153.628-95,1.6666666666666667
664,809.713.654-66,
665,420.893.715-79,1.6666666666666667
666,852.691.340-98,2.3333333333333335
667,546.980.327-92,2.3333333333333335
668,618.029.743-69,2.3333333333333335
669,802.496.753-74,2.3333333333333335
670,940.861.723-13,1.6666666666666667
671,830.567.942-18,1.6666666666666667
672,387.209.146-87,1.6666666666666667
673,307.294.168-87,1.6666666666666667
674,302.714.956-34,2.0
675,608.921.374-87,
676,541.703.298-13,2.0
677,605.931.724-34,2.3333333333333335
678,253.690.781-31,1.6666666666666667
679,604.289.735-74,1.6666666666666667
680,023.875.916-41,1.6666666666666667
681,849.106.357-93,1.6666666666666667
682,375.198.246-91,2.0
683,719.634.502-99,2.3333333333333335
684,098.214.356-71,2.3333333333333335
685,819.326.704-41,2.3333333333333335
686,634.971.058-48,1.6666666666666667
687,073.589.216-41,2.0
688,147.890.625-11,2.3333333333333335
689,698.145.207-31,2.3333333333333335
690,413.895.760-19,
691,346.702.851-91,1.6666666666666667
692,613.948.502-98,1.6666666666666667
693,807.461.293-78,1.6666666666666667
694,381.572.460-16,2.0
695,384.256.701-44,2.3333333333333335
696,042.698.715-21,2.0
697,369.571.084-57,2.3333333333333335
698,015.379.462-34,1.6666666666666667
699,347.810.952-32,1.6666666666666667
700,162.354.097-61,1.6666666666666667
701,108.957.326-11,
702,562.437.891-28,2.3333333333333335
703,014.586.237-26,2.0
704,416.203.598-98,2.0
705,890.572.613-59,2.0
706,048.617.293-78,2.3333333333333335
707,217.590.634-52,2.0
708,601.847.395-19,1.6666666666666667
709,408.379.261-22,2.3333333333333335
710,430.758.269-11,2.3333333333333335
711,743.560.289-29,2.3333333333333335
712,812.096.354-71,2.3333333333333335
713,783.162.945-91,
714,483.162.975-82,1.6666666666666667
715,815.973.042-12,2.0
716,761.890.325-59,2.3333333333333335
717,928.645.073-74,
718,312.645.890-42,2.3333333333333335
719,835.724.906-18,2.3333333333333335
720,451.976.208-11,1.6666666666666667
721,037.124.689-11,2.3333333333333335
722,754.261.938-19,2.3333333333333335
723,783.250.419-61,2.3333333333333335
724,439.581.672-17,2.0
725,260.754.913-25,1.6666666666666667
726,126.305.489-71,2.3333333333333335
727,834.071.295-13,2.3333333333333335
728,596.740.213-61,2.0
729,950.147.683-93,1.6666666666666667
730,249.103.567-71,2.0
731,904.286.371-41,2.0
732,819.230.467-13,2.0
733,471.598.620-58,1.6666666666666667
734,983.501.627-59,2.3333333333333335
735,063.851.492-42,1.6666666666666667
736,106.723.498-51,2.0
737,731.586.402-44,2.0
738,185.796.243-55,2.3333333333333335
739,514.892.603-15,
740,263.180.495-33,2.3333333333333335
741,940.327.865-18,2.3333333333333335
742,482.593.710-14,1.6666666666666667
743,457.930.218-41,2.3333333333333335
744,605.749.832-11,2.3333333333333335
745,607.195.428-21,2.0
746,734.169.058-57,1.6666666666666667
747,345.980.126-33,
748,910.275.348-13,1.6666666666666667
749,725.964.381-19,2.3333333333333335
750,459.873.216-46,2.3333333333333335
751,067.429.153-15,
752,915.847.263-18,1.6666666666666667
753,601.894.275-58,2.0
754,724.309.186-51,2.0
755,296.370.184-51,2.0
756,813.790.265-12,
757,329.840.157-97,1.6666666666666667
758,597.243.610-81,2.0
759,418.762.509-76,2.3333333333333335
760,584.261.903-24,2.0
761,304.629.517-15,2.3333333333333335
762,128.603.975-41,2.0
763,841.652.930-24,1.6666666666666667
764,438.507.692-83,2.3333333333333335
765,945.260.781-58,2.3333333333333335
766,932.678.501-77,1.6666666666666667
767,613.827.905-11,2.3333333333333335
768,269.135.487-37,2.3333333333333335
769,804.572.369-65,1.6666666666666667
770,280.761.935-59,1.6666666666666667
771,239.871.506-11,2.0
772,081.294.736-31,1.6666666666666667
773,562.403.879-83,2.0
774,894.021.357-23,2.0
775,395.280.617-11,2.3333333333333335
776,193.502.864-24,2.0
777,483.560.921-24,1.6666666666666667
778,726.841.590-76,2.0
779,075.968.241-11,1.6666666666666667
780,974.250.386-92,
781,684.507.132-26,1.6666666666666667
782,780.516.943-84,2.0
783,908.654.173-93,2.0
784,379.845.610-11,2.0
785,135.074.962-16,1.6666666666666667
786,208.741.956-67,1.6666666666666667
787,289.745.163-73,2.0
788,435.129.687-91,2.3333333333333335
789,082.613.549-89,2.3333333333333335
790,801.765.243-71,2.0
791,936.120.458-14,2.3333333333333335
792,348.715.609-11,2.0
793,392.607.845-65,2.0
794,283.746.095-83,2.3333333333333335
795,401.283.579-32,1.6666666666666667
796,896.735.102-11,2.0
797,436.581.027-81,1.6666666666666667
798,285.130.649-98,2.3333333333333335
799,964.831.072-69,2.0
800,023.741.986-69,1.6666666666666667
801,563.978.124-64,2.3333333333333335
802,036.478.921-22,2.3333333333333335
803,359.610.248-14,1.6666666666666667
804,847.613.029-51,2.3333333333333335
805,374.061.582-62,2.3333333333333335
806,630.721.495-34,1.6666666666666667
807,915.376.824-82,1.6666666666666667
808,768.315.920-41,1.6666666666666667
809,812.435.976-82,1.6666666666666667
810,018.237.964-78,2.0
811,682.130.459-98,2.0
812,782.965.314-37,2.3333333333333335
813,320.514.976-99,2.3333333333333335
814,730.516.248-53,1.6666666666666667
815,607.321.954-71,1.6666666666666667
816,016.489.527-21,2.0
817,654.038.297-92,2.0
818,635.489.720-47,2.0
819,540.276.193-15,
820,695.140.328-71,1.6666666666666667
821,063.487.195-11,2.0
822,873.194.506-66,2.0
823,835.769.210-95,1.6666666666666667
824,086.497.312-87,2.0
825,786.109.532-11,2.3333333333333335
826,193.280.645-89,1.6666666666666667
827,071.465.829-49,2.0
828,753.490.286-18,1.6666666666666667
829,946.531.087-57,2.3333333333333335
830,729.865.134-17,2.3333333333333335
831,591.682.043-71,2.0
832,751.832.640-15,1.6666666666666667
833,275.941.368-37,2.0
834,731.842.069-12,2.3333333333333335
835,781.093.456-21,1.6666666666666667
836,962.570.138-95,2.3333333333333335
837,518.260.437-81,2.0
838,728.536.901-21,1.6666666666666667
839,795.842.016-11,2.0
840,149.723.085-32,2.3333333333333335
841,703.529.186-59,2.3333333333333335
842,401.289.753-51,1.6666666666666667
843,563.728.914-17,2.0
844,470.612.893-51,2.0
845,712.968.053-95,2.3333333333333335
846,510.469.837-84,2.3333333333333335
847,524.986.371-17,2.0
848,029.465.781-94,1.6666666666666667
849,078.916.324-13,1.6666666666666667
850,380.175.964-48,2.0
851,893.621.075-11,2.3333333333333335
852,261.903.485-13,
853,158.042.396-51,1.6666666666666667
854,479.582.301-41,1.6666666666666667
855,564.893.207-38,2.0
856,789.340.512-13,1.6666666666666667
857,571.034.268-81,
858,271.936.048-13,1.6666666666666667
859,634.590.178-48,2.3333333333333335
860,982.157.643-55,2.3333333333333335
861,824.190.356-15,2.0
862,359.017.824-88,2.0
863,035.281.964-24,1.6666666666666667
864,503.927.846-29,2.3333333333333335
865,651.470.892-76,1.6666666666666667
866,254.186.903-71,2.3333333333333335
867,364.591.078-66,1.6666666666666667
868,462.159.378-19,1.6666666666666667
869,706.451.298-11,2.0
870,682.197.053-11,1.6666666666666667
871,804.162.795-11,2.0
872,865.139.274-55,1.6666666666666667
873,382.651.947-73,2.0
874,794.218.653-91,1.6666666666666667
875,901.638.475-84,2.3333333333333335
876,324.168.507-17,2.0
877,971.685.042-58,1.6666666666666667
878,691.725.830-11,2.3333333333333335
879,807.596.314-84,1.6666666666666667
880,238.416.750-26,2.3333333333333335
881,032.615.748-44,2.3333333333333335
882,437.592.160-99,1.6666666666666667
883,679.084.132-69,
884,518.327.964-18,2.3333333333333335
885,570.839.261-41,1.6666666666666667
886,976.482.031-11,1.6666666666666667
887,170.389.542-88,2.3333333333333335
888,762.149.358-55,2.3333333333333335
889,729.801.356-41,2.0
890,182.547.936-46,2.3333333333333335
891,401.739.258-12,1.6666666666666667
892,647.501.928-31,1.6666666666666667
893,965.341.872-64,2.3333333333333335
894,942.357.106-99,2.0
895,972.408.561-94,2.0
896,071.985.436-93,1.6666666666666667
897,829.064.513-98,1.6666666666666667
898,641.702.895-11,2.3333333333333335
899,237.418.590-79,2.0
900,849.125.730-61,2.0
901,509.743.126-14,2.0
902,851.209.364-15,2.0
903,514.803.672-91,1.6666666666666667
904,324.798.015-61,2.3333333333333335
905,152.436.897-18,2.3333333333333335
906,745.290.138-12,
907,436.185.029-15,2.0
908,529.410.376-16,2.0
909,120.594.783-32,
910,317.648.052-16,2.0
911,435.217.860-81,1.6666666666666667
912,031.968.724-41,2.0
913,512.689.370-11,1.6666666666666667
914,365.409.281-14,1.3333333333333333
915,576.102.489-67,2.0
916,950.472.618-67,2.0
917,584.691.703-84,3.0
918,810.624.735-15,1.6666666666666667
919,490.173.825-97,2.3333333333333335
920,820.531.469-15,2.3333333333333335
921,742.658.190-11,2.6666666666666665
922,391.824.057-61,2.3333333333333335
923,142.037.859-79,2.0
924,837.104.259-13,2.3333333333333335
925,240.685.137-16,2.6666666666666665
926,347.298.016-87,2.0
927,041.367.529-71,2.3333333333333335
928,276.508.314-26,2.3333333333333335
929,823.176.905-68,2.0
930,743.689.520-65,1.3333333333333333
931,394.507.162-34,1.6666666666666667
932,571.384.269-17,2.3333333333333335
933,891.527.046-11,1.0
934,159.320.784-13,
935,698.537.102-77,1.6666666666666667
936,836.201.594-24,1.6666666666666667
937,950.364.712-61,2.3333333333333335
938,329.841.756-46,1.6666666666666667
939,583.479.260-18,2.0
940,754.019.368-93,2.0
941,392.418.576-17,
942,319.427.068-12,2.3333333333333335
943,732.015.946-52,1.3333333333333333
944,673.890.421-51,2.0
945,924.675.318-64,1.3333333333333333
946,629.731.085-86,2.3333333333333335
947,371.089.456-57,2.0
948,463.908.215-14,1.3333333333333333
949,032.849.561-15,2.3333333333333335
950,713.946.052-34,1.0
951,398.276.451-37,2.0
952,893.512.467-28,2.0
953,621.890.453-98,2.0
954,371.846.205-26,3.0
955,108.649.573-19,1.6666666666666667
956,168.457.923-64,1.0
957,698.302.514-89,1.6666666666666667
958,629.485.137-82,1.3333333333333333
959,850.392.471-41,1.6666666666666667
960,386.425.971-19,1.6666666666666667
961,375.849.210-61,2.0
962,537.961.280-68,1.6666666666666667
963,420.951.378-41,2.0
964,382.176.594-19,1.6666666666666667
965,625.108.937-77,2.0
966,056.918.347-21,2.3333333333333335
967,506.478.129-67,1.6666666666666667
968,583.140.627-15,1.0
969,629.031.847-12,2.0
970,086.921.574-49,2.6666666666666665
971,198.627.405-58,2.0
972,216.749.308-87,1.6666666666666667
973,962.410.873-12,1.3333333333333333
974,158.394.267-17,1.6666666666666667
975,986.245.173-46,2.0
976,975.401.638-11,1.3333333333333333
977,857.621.403-26,2.3333333333333335
978,806.459.123-61,2.0
979,530.184.296-13,1.6666666666666667
980,965.748.301-84,1.0
981,739.016.485-93,2.0
982,109.674.283-78,2.6666666666666665
983,837.249.560-29,2.0
984,532.764.081-71,2.3333333333333335
985,821.409.657-11,2.0
986,150.249.837-51,1.6666666666666667
987,712.853.096-77,2.3333333333333335
988,241.650.397-99,2.3333333333333335
989,148.673.529-18,2.0
990,513.480.692-61,1.3333333333333333
991,241.593.067-99,2.0
992,053.476.921-71,2.3333333333333335
993,734.820.165-26,3.0
994,182.567.390-11,1.3333333333333333
995,475.806.321-44,2.6666666666666665
996,789.432.561-91,1.3333333333333333
997,598.317.602-12,2.3333333333333335
998,482.751.963-37,1.6666666666666667
999,109.543.628-71,2.6666666666666665
1000,428.716.305-26,2.0
1001,845.937.162-17,1.0
1002,536.189.702-77,1.6666666666666667
1003,901.743.852-51,2.0
1004,309.271.845-32,2.3333333333333335
1005,401.527.683-35,1.6666666666666667
1006,961.874.352-73,2.6666666666666665
1007,678.239.451-18,2.3333333333333335
1008,542.167.389-82,2.0
1009,410.326.598-15,2.0
1010,257.648.319-46,2.0
1011,387.509.264-38,2.6666666666666665
1012,657.893.201-12,1.3333333333333333
1013,386.275.049-38,1.3333333333333333
1014,045.261.798-76,1.6666666666666667
1015,250.613.478-62,2.0
1016,571.290.684-85,1.6666666666666667
1017,752.184.096-85,1.6666666666666667
1018,368.521.704-62,1.3333333333333333
1019,271.345.986-91,2.0
1020,596.843.172-55,2.0
1021,187.503.469-21,2.3333333333333335
1022,172.853.906-41,2.0
1023,018.239.765-31,2.0
1024,493.061.758-84,1.3333333333333333
1025,801.374.659-39,2.0
1026,340.872.691-41,2.0
1027,368.547.021-35,2.3333333333333335
1028,985.216.347-73,1.0
1029,532.789.104-61,1.6666666666666667
1030,053.612.978-95,1.0
1031,742.310.659-34,1.6666666666666667
1032,065.894.217-49,1.3333333333333333
1033,876.201.349-13,1.0
1034,654.789.231-17,2.6666666666666665
1035,581.734.260-15,2.0
1036,960.215.874-31,1.0
1037,072.935.684-11,1.0
1038,932.754.106-52,2.0
1039,503.762.198-41,2.6666666666666665
1040,108.273.564-71,2.0
1041,872.350.496-18,1.0
1042,561.782.340-15,2.3333333333333335
1043,037.154.692-34,2.0
1044,510.938.642-14,1.0
1045,927.438.510-23,2.3333333333333335
1046,750.862.149-21,1.6666666666666667
1047,086.497.132-11,1.6666666666666667
1048,593.874.601-93,2.6666666666666665
1049,735.260.194-52,2.0
1050,153.607.942-16,
1051,742.690.153-14,
1052,742.695.018-21,
1053,905.618.423-71,
1054,465.081.392-15,1.5
1055,026.439.857-29,
1056,481.725.639-73,
1057,421.630.785-15,1.5
1058,761.450.892-11,
1059,089.647.325-29,
1060,063.158.427-71,
1061,879.041.526-49,2.0
1062,085.649.231-14,
1063,975.208.314-51,1.5
1064,265.390.874-38,
1065,563.072.948-92,
1066,345.086.972-83,
1067,628.705.314-35,
1068,389.521.764-64,1.5
1069,790.418.325-13,
1070,025.943.876-65,
1071,368.129.057-12,
1072,604.587.231-26,1.0
1073,798.546.103-57,
1074,857.431.962-73,
1075,728.946.310-22,
1076,602.391.857-31,
1077,935.074.168-75,
1078,982.473.516-17,2.0
1079,239.184.507-32,
1080,657.490.238-18,1.5
1081,219.574.360-34,
1082,950.438.217-79,
1083,918.037.654-11,
1084,159.638.207-41,
1085,174.528.390-13,
1086,506.713.248-53,2.0
1087,061.752.493-99,
1088,487.609.153-66,
1089,732.961.508-11,
1090,138.479.650-93,
1091,590.718.243-14,
1092,685.230.471-15,
1093,741.086.295-58,2.0
1094,190.637.854-11,
1095,954.206.713-52,
1096,924.816.035-24,
1097,509.487.316-48,3.0
1098,649.132.705-16,
1099,804.927.351-23,
1100,613.204.795-61,
1101,560.187.924-94,
1102,509.748.123-23,3.0
1103,632.051.798-11,
1104,927.153.068-31,
1105,810.247.359-23,
1106,670.923.458-47,2.5
1107,482.705.613-71,
1108,174.860.925-49,
1109,849.615.302-98,
1110,426.310.758-62,1.5
1111,143.956.027-71,
1112,293.485.071-41,
1113,136.780.924-11,
1114,521.408.379-32,
1115,681.254.930-42,3.0
1116,305.169.742-71,
1117,650.481.329-98,
1118,198.350.274-12,2.0
1119,694.328.507-65,
1120,013.698.572-68,
1121,690.723.158-12,
1122,493.257.618-82,
1123,932.156.487-17,2.0
1124,319.456.802-71,
1125,569.728.401-21,
1126,258.741.960-31,
1127,291.453.708-51,
1128,756.190.382-11,1.5
1129,436.507.128-91,
1130,865.910.247-94,
1131,561.327.849-18,1.5
1132,982.016.734-51,
1133,560.482.931-51,
1134,534.291.870-79,
1135,263.058.794-19,2.0
1136,709.634.152-81,
1137,245.360.718-91,
1138,841.935.706-57,
1139,954.687.210-58,2.5
1140,902.435.168-51,
1141,913.026.875-31,
1142,502.367.918-77,
1143,934.027.561-61,2.5
1144,304.816.795-11,
1145,840.719.263-51,
1146,075.326.148-16,
1147,829.764.503-74,2.0
1148,318.974.652-46,
1149,236.507.849-47,
1150,570.983.462-92,1.5
1151,382.750.164-44,
1152,794.125.360-71,
1153,290.873.651-95,
1154,185.729.364-91,2.0
1155,895.061.472-31,
1156,962.815.470-21,
1157,702.513.498-88,
1158,604.872.953-74,
1159,894.712.063-41,2.0
1160,576.801.234-62,
1161,124.368.570-16,
1162,936.508.174-21,
1163,720.369.851-31,2.5
1164,924.305.718-97,
1165,820.756.931-11,
1166,930.724.865-65,
1167,259.834.760-92,2.5
1168,058.473.916-84,
1169,876.354.192-18,
1170,081.524.793-14,
1171,634.879.051-75,
1172,472.581.309-51,
1173,845.172.063-35,2.5
1174,725.036.894-18,
1175,571.489.362-17,
1176,236.901.754-61,
1177,654.712.839-37,
1178,397.610.254-71,
1179,194.620.857-49,
1180,613.427.908-12,2.5
1181,743.956.082-56,
1182,385.192.647-19,
1183,038.469.512-42,
1184,126.039.475-16,
1185,064.271.985-31,
1186,843.562.197-91,
1187,913.046.827-22,2.0
1188,790.461.358-11,
1189,172.563.804-53,2.0
1190,459.072.381-61,
1191,801.239.476-69,
1192,794.650.138-21,
1193,853.610.974-21,
1194,350.768.941-39,1.5
1195,210.659.347-34,
1196,201.465.397-61,
1197,097.128.653-12,
1198,765.892.401-67,
1199,914.562.708-85,
1200,279.643.810-41,2.0
1201,832.749.610-78,
1202,926.105.834-51,
1203,073.594.612-43,
1204,094.257.638-11,
1205,258.940.716-58,2.0
1206,438.152.907-32,
1207,531.402.798-41,
1208,570.631.942-16,
1209,139.048.765-21,
1210,894.205.637-74,
1211,230.614.758-26,
1212,270.483.615-91,2.5
1213,260.879.143-31,
1214,251.083.469-13,
1215,089.471.536-48,2.5
1216,083.597.642-47,
1217,718.465.290-85,
1218,032.941.756-81,1.5
1219,918.472.653-91,
1220,657.843.021-16,
1221,591.032.486-15,
1222,704.396.152-16,
1223,045.936.172-43,
1224,356.120.849-51,2.0
1225,785.493.602-11,
1226,748.310.256-15,
1227,418.679.523-19,
1228,784.013.962-12,1.5
1229,357.194.860-21,
1230,418.037.296-78,
1231,345.962.107-99,
1232,235.489.601-89,
1233,192.704.536-34,3.0
1234,284.390.167-78,
1235,128.073.569-41,
1236,349.586.712-18,
1237,924.075.136-14,
1238,673.458.029-65,
1239,893.754.062-29,1.5
1240,623.705.941-52,
1241,538.026.479-47,
1242,276.801.354-44,
1243,342.865.017-44,
1244,136.542.789-73,
1245,065.319.742-14,2.5
1246,483.059.726-74,
1247,674.219.583-55,
1248,698.145.730-19,1.5
1249,801.324.975-14,
1250,082.539.614-13,1.0
1251,953.728.416-64,
1252,983.175.604-57,
1253,657.480.321-71,
1254,180.629.345-51,2.5
1255,147.536.908-57,
1256,873.021.946-96,
1257,605.287.143-17,
1258,586.132.947-82,
1259,834.152.607-71,2.5
1260,524.716.038-15,
1261,615.283.479-19,
1262,308.941.276-41,
1263,931.405.682-15,2.0
1264,792.384.651-18,
1265,873.054.629-18,
1266,521.673.409-15,
1267,891.560.247-11,2.0
1268,650.179.834-57,
1269,815.074.329-41,
1270,137.042.895-23,
1271,310.492.768-51,
1272,208.456.917-67,
1273,397.540.821-97,2.0
1274,742.061.859-31,
1275,604.915.273-14,
1276,520.738.614-15,
1277,035.981.427-14,
1278,870.291.563-41,
1279,760.842.513-15,
1280,421.690.375-43,
1281,691.358.024-13,
1282,270.198.465-31,
1283,036.985.274-56,2.0
1284,804.793.256-18,
1285,635.402.197-14,
1286,051.892.437-88,
1287,195.704.683-19,
1288,485.120.397-79,
1289,320.874.951-14,
1290,906.458.317-19,2.5
1291,618.750.942-11,
1292,408.562.139-42,
1293,861.542.703-81,
1294,851.349.706-11,
1295,648.035.271-81,
1296,985.043.167-93,
1297,081.395.427-41,
1298,825.360.497-11,
1299,091.657.283-86,
1300,856.703.421-35,
1301,681.974.352-19,2.0
1302,897.406.321-22,
1303,034.678.291-12,
1304,501.768.923-11,
1305,832.174.560-17,
1306,341.097.652-34,
1307,106.583.724-16,
1308,632.714.058-16,
1309,326.781.405-71,
1310,274.681.930-96,2.5
1311,589.463.071-11,
1312,065.289.137-31,
1313,023.851.764-16,
1314,518.073.246-81,
1315,047.351.629-25,
1316,942.815.073-88,
1317,843.912.570-41,
1318,017.438.962-12,
1319,512.738.409-41,2.5
1320,029.385.146-89,
1321,269.357.184-73,
1322,983.207.514-97,
1323,294.615.708-31,2.0
1324,596.427.310-61,
1325,987.562.431-46,
1326,362.504.198-71,
1327,968.071.423-31,
1328,675.908.243-56,2.5
1329,796.823.405-19,
1330,380.257.419-23,
1331,340.819.256-15,3.0
1332,425.386.091-51,
1333,347.120.658-26,
1334,263.047.815-71,
1335,487.365.109-39,
1336,896.123.507-95,
1337,518.394.072-12,2.0
1338,642.105.387-44,
1339,249.371.850-12,
1340,432.169.057-99,
1341,369.850.724-29,2.0
1342,739.506.418-66,
1343,654.792.831-46,
1344,930.486.752-56,
1345,831.496.705-19,2.5
1346,523.714.906-52,
1347,274.509.318-51,
1348,695.327.814-55,
1349,987.265.403-47,
1350,849.731.260-12,
1351,910.382.754-23,
1352,607.952.148-21,
1353,879.135.642-37,
1354,014.658.379-57,
1355,108.645.973-39,
1356,780.251.496-76,
1357,973.681.245-64,
1358,406.897.352-19,
1359,379.816.420-78,
1360,015.476.823-53,
1361,573.641.802-91,3.0
1362,520.749.813-41,
1363,280.369.574-18,
1364,492.378.510-14,
1365,729.803.156-21,
1366,482.653.971-19,
1367,706.385.941-21,
1368,170.583.964-93,
1369,631.028.754-16,
1370,549.376.210-25,
1371,205.136.479-61,
1372,123.604.985-33,
1373,481.967.352-19,
1374,602.583.971-95,
1375,037.645.928-18,2.0
1376,579.860.241-94,
1377,127.058.463-44,
1378,632.745.198-55,
1379,689.205.347-56,2.5
1380,823.960.517-68,
1381,204.361.958-61,
1382,943.058.627-19,
1383,046.953.712-43,
1384,578.164.390-75,
1385,859.127.360-59,2.0
1386,798.241.563-64,
1387,734.892.560-18,
1388,642.957.108-49,
1389,583.604.721-91,
1390,354.106.829-98,
1391,029.536.178-68,
1392,847.916.053-57,
1393,680.379.542-18,1.5
1394,457.380.219-32,
1395,820.193.546-24,
1396,241.895.063-89,
1397,451.836.927-18,
1398,142.370.685-44,
1399,920.586.173-12,
1400,974.315.608-93,
1401,064.973.851-93,
1402,820.716.459-11,
1403,659.327.014-81,
1404,076.238.951-68,
1405,034.618.957-84,
1406,518.936.724-17,
1407,183.057.649-66,
1408,542.086.371-53,2.5
1409,673.248.190-87,
1410,702.356.814-15,
1411,628.193.047-96,
1412,497.165.203-52,
1413,738.105.249-13,
1414,576.109.283-21,
1415,985.417.306-21,
1416,753.941.280-14,
1417,624.019.375-52,
1418,672.359.014-71,
1419,642.901.758-31,2.0
1420,593.074.216-25,
1421,340.657.918-39,
1422,120.795.638-41,
1423,415.739.062-81,
1424,739.542.610-14,
1425,731.962.480-11,
1426,985.316.274-19,2.5
1427,439.825.176-64,
1428,869.421.703-13,
1429,743.280.165-71,
1430,067.234.859-47,
1431,849.072.316-87,2.0
1432,371.589.460-11,
1433,589.314.627-19,
1434,093.674.581-93,
1435,756.930.428-47,
1436,971.082.463-51,
1437,104.952.736-43,
1438,951.480.632-89,1.0
1439,015.897.642-85,
1440,193.782.045-97,
1441,405.317.982-32,
1442,709.456.312-43,
1443,731.802.954-14,
1444,416.853.097-39,
1445,721.084.536-44,
1446,514.927.386-46,
1447,726.815.304-15,
1448,842.390.517-97,
1449,785.039.461-57,1.5
1450,316.527.049-14,
1451,782.456.901-21,
1452,078.421.935-41,
1453,154.860.239-61,
1454,952.716.340-43,
1455,804.195.276-31,
1456,942.816.750-94,
1457,849.312.756-64,
1458,703.185.694-93,
1459,645.387.902-65,
1460,841.027.963-12,
1461,092.154.873-79,
1462,597.138.624-73,2.5
1463,324.091.867-69,
1464,869.457.031-93,
1465,607.814.395-66,
1466,269.130.548-15,
1467,730.264.591-43,
1468,043.796.825-11,
1469,361.049.275-99,
1470,293.470.165-43,2.5
1471,502.378.146-17,
1472,824.197.356-17,
1473,157.320.486-26,
1474,648.190.527-31,
1475,069.324.158-61,
1476,479.283.160-13,
1477,165.739.280-59,3.0
1478,137.964.250-71,
1479,516.829.703-11,
1480,954.380.716-75,
1481,482.396.105-61,
1482,236.415.079-52,2.5
1483,482.659.071-76,
1484,896.250.347-65,
1485,361.072.954-61,
1486,579.802.613-21,
1487,542.037.186-35,
1488,638.407.915-11,
1489,045.362.918-14,
1490,743.961.820-31,
1491,420.695.317-16,
1492,768.912.054-76,
1493,237.516.408-35,
1494,134.890.527-14,
1495,705.293.461-25,3.0
1496,308.157.924-41,
1497,509.273.864-29,
1498,512.478.690-67,
1499,034.156.297-16,
1500,051.638.974-21,
1501,917.308.562-68,
1502,450.712.836-62,
1503,201.785.943-51,
1504,849.035.726-92,
1505,036.985.247-83,
1506,835.217.406-17,
1507,482.056.391-24,
1508,782.109.536-21,
1509,053.798.416-19,
1510,168.702.349-22,
1511,569.702.834-29,
1512,510.483.769-66,
1513,608.493.725-18,
1514,132.487.506-26,2.5
1515,821.459.763-37,
1516,837.620.419-11,
1517,740.368.951-84,
1518,361.075.824-44,
1519,243.501.768-53,
1520,280.639.745-65,
1521,642.713.509-15,
1522,752.896.104-31,
1523,495.267.108-94,
1524,289.371.540-13,
1525,937.802.146-87,
1526,805.934.271-14,
1527,814.352.067-62,
1528,835.624.709-83,
1529,317.529.068-11,
1530,560.913.284-33,
1531,567.028.319-86,
1532,415.908.632-24,
1533,950.748.236-92,
1534,498.763.512-73,
1535,680.529.137-21,
1536,845.791.630-11,1.0
1537,461.938.702-96,
1538,864.372.150-62,
1539,543.180.697-11,
1540,436.058.271-44,
1541,369.507.412-43,
1542,268.351.407-71,
1543,873.954.612-82,
1544,417.296.305-61,
1545,720.854.639-83,
1546,426.308.715-17,
1547,590.487.612-21,
1548,053.614.792-25,
1549,632.948.150-42,
1550,392.605.418-24,
1551,513.690.472-15,
1552,234.896.510-14,
1553,712.806.934-87,
1554,473.825.610-62,
1555,257.980.641-58,2.0
1556,867.104.932-96,
1557,257.104.839-23,
1558,197.468.052-58,
1559,546.087.312-62,
1560,761.930.425-81,
1561,103.429.768-69,
1562,570.931.682-21,
1563,126.475.903-71,
1564,018.274.569-49,
1565,869.157.243-46,
1566,503.842.916-51,
1567,751.243.980-61,
1568,086.534.172-91,
1569,217.409.835-13,2.5
1570,045.971.263-25,
1571,127.945.803-88,
1572,315.642.890-61,2.5
1573,928.430.615-98,
1574,405.318.726-53,
1575,015.268.794-76,
1576,126.935.708-59,
1577,914.678.502-76,
1578,687.539.214-37,
1579,419.083.267-78,
1580,176.904.582-11,
1581,602.384.915-61,
1582,316.278.590-12,
1583,943.268.075-47,
1584,182.356.047-44,
1585,073.295.481-97,
1586,908.632.451-71,
1587,687.530.941-66,
1588,436.809.172-87,
1589,980.423.756-38,
1590,068.592.437-83,
1591,798.564.203-18,
1592,065.812.347-53,2.5
1593,638.972.014-96,
1594,237.861.950-21,
1595,621.943.587-73,
1596,860.914.573-57,
1597,261.857.094-49,
1598,321.568.409-89,
1599,602.175.983-41,
1600,670.824.359-83,
1601,730.816.529-95,
1602,794.105.268-76,
1603,531.907.284-88,
1604,972.564.831-55,
1605,083.426.971-69,
1606,349.802.671-22,
1607,065.281.943-51,
1608,467.981.053-19,
1609,614.325.708-62,
1610,109.865.724-11,
1611,309.427.561-34,
1612,701.682.394-69,
1613,954.072.813-41,
1614,072.481.356-15,
1615,254.903.178-41,
1616,913.450.287-41,
1617,612.897.504-67,
1618,923.681.047-12,
1619,014.293.758-41,
1620,701.568.923-59,
1621,251.067.893-11,
1622,187.260.534-62,
1623,876.259.014-67,
1624,907.658.123-12,
1625,502.136.784-62,
1626,583.016.249-14,2.0
1627,259.817.403-88,
1628,731.948.265-73,
1629,531.687.094-84,
1630,708.196.254-85,
1631,805.726.139-11,
1632,489.017.265-31,
1633,479.182.305-23,
1634,782.693.510-59,
1635,958.347.102-12,
1636,257.631.940-81,
1637,687.239.405-65,
1638,097.265.418-67,
1639,780.159.362-68,
1640,325.904.876-65,
1641,301.965.247-25,
1642,842.539.017-61,
1643,608.497.135-11,
1644,231.850.974-32,
1645,318.697.520-41,
1646,851.946.720-21,
1647,198.324.670-12,
1648,301.768.549-75,
1649,064.123.857-62,
1650,529.347.806-19,
1651,219.034.756-43,
1652,280.637.591-68,
1653,451.798.603-93,
1654,597.648.302-18,
1655,924.316.875-46,
1656,587.213.496-73,
1657,493.570.682-11,
1658,784.609.325-83,2.5
1659,239.675.018-68,
1660,482.693.015-15,
1661,562.487.190-21,
1662,742.608.935-56,
1663,302.948.167-12,
1664,396.472.581-19,
1665,405.781.936-39,2.0
1666,586.907.132-12,
1667,051.472.368-81,
1668,618.324.579-82,
1669,643.805.291-42,
1670,739.145.086-39,3.0
1671,610.798.524-76,
1672,063.815.729-31,
1673,938.750.142-61,
1674,153.648.290-14,
1675,938.506.721-41,
1676,185.027.934-97,2.0
1677,341.728.095-88,
1678,634.792.058-11,
1679,037.245.819-12,
1680,380.495.267-47,2.5
1681,654.928.107-58,1.5
1682,791.634.208-13,
1683,610.754.398-84,
1684,815.679.234-37,
1685,915.640.278-31,
1686,126.379.584-64,
1687,603.581.274-16,
1688,238.079.416-22,1.5
1689,392.806.417-78,
1690,495.627.830-65,
1691,815.032.946-33,
1692,741.506.982-11,
1693,789.106.324-96,2.5
1694,154.078.639-11,
1695,910.426.785-11,
1696,257.183.046-53,
1697,253.078.961-41,
1698,846.395.102-33,
1699,542.318.096-15,
1700,083.572.961-31,
1701,730.241.568-44,3.0
1702,910.342.576-25,
1703,451.238.067-17,
1704,915.870.623-21,
1705,573.219.048-14,
1706,174.568.293-73,1.5
1707,475.139.286-73,
1708,847.265.139-82,
1709,516.043.298-15,
1710,941.506.783-75,
1711,950.371.826-11,
1712,782.539.160-86,
1713,738.916.420-41,
1714,318.069.245-61,
1715,521.498.307-79,
1716,154.923.670-99,
1717,756.298.034-92,
1718,178.259.046-31,
1719,354.906.217-61,
1720,815.930.426-98,
1721,164.827.350-53,
1722,195.603.874-48,
1723,570.628.349-47,2.0
1724,698.321.457-91,
1725,478.102.956-67,
1726,416.285.037-26,
1727,793.260.548-29,
1728,820.437.691-11,
1729,934.725.810-51,
1730,213.579.680-86,
1731,314.578.290-88,
1732,621.589.437-18,
1733,902.481.635-15,
1734,164.758.320-91,
1735,358.217.690-86,
1736,238.091.647-12,
1737,736.208.145-62,
1738,576.321.940-61,
1739,250.981.643-89,
1740,745.296.308-38,
1741,638.049.157-11,3.0
1742,530.192.678-11,
1743,683.219.457-91,
1744,356.908.741-75,
1745,675.982.031-21,
1746,036.587.249-19,
1747,508.169.273-59,2.5
1748,085.421.367-81,
1749,095.826.741-31,
1750,824.395.167-91,
1751,253.018.467-44,
1752,748.620.519-11,
1753,912.580.437-51,
1754,941.820.657-94,
1755,976.431.825-82,
1756,763.904.581-93,2.0
1757,649.702.851-11,
1758,280.746.195-67,
1759,397.526.401-25,
1760,637.581.094-93,
1761,748.913.026-31,
1762,532.618.904-61,
1763,169.354.728-73,1.5
1764,934.617.582-64,
1765,329.518.670-77,
1766,437.051.628-53,
1767,721.453.986-19,1.0
1768,940.836.271-31,
1769,796.285.431-64,
1770,129.680.734-78,
1771,173.862.950-31,
1772,452.397.106-43,1.5
1773,462.783.190-12,
1774,824.967.531-28,
1775,621.547.980-21,
1776,784.910.635-11,
1777,163.597.482-82,2.5
1778,764.812.950-76,
1779,485.769.201-58,
1780,570.163.928-21,
1781,140.852.367-17,2.5
1782,401.835.769-93,
1783,096.714.385-39,
1784,894.205.736-56,
1785,685.241.907-11,2.5
1786,489.637.021-11,
1787,708.124.596-11,
1788,503.479.182-12,2.0
1789,476.529.801-94,
1790,654.089.713-84,
1791,526.043.198-71,1.5
1792,752.460.391-61,
1793,976.524.380-47,
1794,836.194.027-87,
1795,489.560.217-67,2.5
1796,461.358.029-33,
1797,457.063.128-26,
1798,589.217.043-88,
1799,082.796.415-31,2.0
1800,895.376.021-68,
1801,418.790.523-51,
1802,257.896.310-11,
1803,972.180.465-76,
1804,461.087.593-48,1.0
1805,328.904.751-23,
1806,940.276.831-96,
1807,410.736.258-26,
1808,401.329.678-12,
1809,143.802.957-88,2.0
1810,327.945.816-19,
1811,537.409.286-38,
1812,083.971.546-39,
1813,239.580.614-51,
1814,643.198.507-93,
1815,863.920.174-96,2.0
1816,280.973.165-95,
1817,674.259.108-11,
1818,643.902.578-38,
1819,452.168.903-51,
1820,412.389.567-18,
1821,392.708.546-47,
1822,945.176.203-52,2.0
1823,937.150.286-11,
1824,694.503.172-16,
1825,293.804.715-13,
1826,514.793.802-88,
1827,364.175.980-39,
1828,127.469.308-11,
1829,709.653.148-39,
1830,240.176.593-14,
1831,189.560.273-41,
1832,256.148.937-17,
1833,658.031.924-14,2.0
1834,917.685.024-21,
1835,793.618.450-39,
1836,378.692.154-73,
1837,064.291.835-13,
1838,167.093.842-51,
1839,609.487.231-22,2.0
1840,907.621.854-49,
1841,891.243.567-19,
1842,352.749.618-19,
1843,504.392.186-24,
1844,950.134.862-89,1.5
1845,410.289.576-11,
1846,289.035.764-38,
1847,562.971.380-95,
1848,165.472.938-82,
1849,972.658.314-46,
1850,824.056.397-18,
1851,761.284.593-82,
1852,536.021.749-99,
1853,921.605.478-67,3.0
1854,148.309.526-61,
1855,234.580.691-51,
1856,410.873.956-66,
1857,684.213.597-46,
1858,265.137.480-62,
1859,960.245.738-47,3.0
1860,763.509.841-11,
1861,380.746.925-74,
1862,249.675.301-25,
1863,826.317.950-59,2.5
1864,643.519.802-14,2.0
1865,946.087.213-13,
1866,819.752.063-12,
1867,160.952.734-81,1.0
1868,301.968.527-31,
1869,238.751.690-77,
1870,146.379.502-52,2.0
1871,805.961.437-11,
1872,715.438.692-46,
1873,376.892.514-55,
1874,105.943.876-39,2.0
1875,912.067.543-71,
1876,803.619.742-13,2.5
1877,493.156.270-16,
1878,708.362.415-17,
1879,518.423.967-73,
1880,318.602.495-15,
1881,159.068.342-14,2.0
1882,743.658.920-29,
1883,219.846.073-41,
1884,296.478.531-73,2.0
1885,153.849.206-71,1.0
1886,605.218.937-12,1.5
1887,427.615.098-11,2.5
1888,741.580.932-79,1.5
1889,526.147.380-26,1.5
1890,628.419.073-51,1.5
1891,615.389.072-59,2.5
1892,280.379.164-13,1.5
1893,869.153.720-59,2.5
1894,429.368.015-24,2.5
1895,271.634.509-15,2.0
1896,146.803.925-33,1.0
1897,219.357.806-11,2.5
1898,572.846.913-28,3.0
1899,189.374.062-51,2.0
1900,480.926.753-92,1.0
1901,719.064.385-11,1.5
1902,819.246.730-96,2.5
1903,327.840.651-62,1.5
1904,450.823.619-71,2.0
1905,105.496.728-85,2.5
1906,832.509.164-98,2.0
1907,602.495.817-11,2.5
1908,417.092.638-22,2.0
1909,870.546.912-11,1.5
1910,510.296.873-41,2.5
1911,810.254.367-17,1.0
1912,627.189.305-86,2.0
1913,125.649.780-11,3.0
1914,286.140.357-81,2.5
1915,198.407.563-21,1.5
1916,935.718.264-18,1.0
1917,254.319.078-32,2.0
1918,258.901.376-11,3.0
1919,892.430.176-41,1.5
1920,162.870.594-94,1.5
1921,398.614.572-91,3.0
1922,748.612.903-51,1.0
1923,049.621.837-96,1.0
1924,720.816.549-11,2.5
1925,731.624.809-22,1.5
1926,037.692.145-52,2.0
1927,851.640.397-11,2.0
1928,783.429.510-14,2.5
1929,918.536.407-19,2.5
1930,731.950.684-19,1.0
1931,241.069.758-58,2.0
1932,075.924.168-67,1.5
1933,569.702.134-81,1.5
1934,017.423.689-13,1.5
1935,052.749.368-65,2.5
1936,715.390.846-39,3.0
1937,163.982.045-14,1.5
1938,257.869.403-65,1.5
1939,430.865.927-29,1.5
1940,487.960.531-19,1.5
1941,286.103.754-71,2.0
1942,638.791.405-11,1.0
1943,692.407.358-11,2.5
1944,091.685.432-98,1.5
1945,352.689.714-17,1.0
1946,812.945.673-73,2.0
1947,067.932.148-96,1.0
1948,024.869.573-83,1.5
1949,587.306.194-75,2.0
1950,698.012.374-22,2.0
1951,235.418.907-97,2.5
1952,980.437.165-11,2.5
1953,728.603.954-74,2.0
1954,496.783.015-39,2.0
1955,374.518.069-11,2.0
1956,124.675.089-94,2.5
1957,198.760.532-21,2.5
1958,203.816.749-41,1.0
1959,406.875.213-35,2.0
1960,265.810.349-24,2.5
1961,873.690.542-92,2.0
1962,486.923.501-33,3.0
1963,706.491.538-39,2.5
1964,051.839.674-66,2.0
1965,607.254.391-14,2.0
1966,472.651.098-31,3.0
1967,689.371.024-12,2.5
1968,973.184.562-37,2.0
1969,926.403.857-47,1.5
1970,480.215.693-61,3.0
1971,782.059.314-88,2.5
1972,462.389.157-73,1.0
1973,261.837.950-11,1.5
1974,357.064.892-38,3.0
1975,358.026.197-59,2.0
1976,240.971.638-51,1.5
1977,316.582.794-17,2.0
1978,876.153.420-15,1.5
1979,028.743.591-14,1.0
1980,726.085.194-58,3.0
1981,387.260.541-16,1.5
1982,658.073.192-31,1.0
1983,187.394.650-39,1.0
1984,412.859.076-21,1.0
1985,504.629.817-11,1.0
1986,284.916.375-91,2.5
1987,231.746.058-91,1.5
1988,302.618.975-86,2.5
1989,417.620.983-69,2.5
1990,786.930.512-11,2.0
1991,713.259.046-43,2.0
1992,073.269.845-65,2.5
1993,097.625.438-74,2.5
1994,782.564.019-58,1.0
1995,954.061.283-71,1.5
1996,953.042.867-74,2.0
1997,975.841.306-66,1.5
1998,086.941.735-57,2.0
1999,721.436.509-14,2.0
2000,496.032.875-47,1.5
2001,039.526.184-89,2.0
2002,812.634.759-73,1.5
2003,376.952.014-99,1.5
2004,754.608.392-38,2.0
2005,869.712.453-18,2.5
2006,312.807.546-81,1.0
2007,893.762.154-19,2.0
2008,096.714.238-51,2.0
2009,981.430.752-14,2.5
2010,239.765.480-65,2.5
2011,482.961.057-31,2.0
2012,920.751.863-59,1.5
2013,354.268.197-18,1.0
2014,820.791.643-51,1.0
2015,613.870.249-22,2.0
2016,901.265.843-89,2.5
2017,978.603.541-11,2.0
2018,745.083.926-11,1.0
2019,013.764.928-22,2.5
2020,197.380.624-11,2.5
2021,719.632.854-17,1.5
2022,136.285.049-71,2.5
2023,190.624.783-87,1.0
2024,864.930.217-31,2.0
2025,614.780.529-11,2.0
2026,906.514.372-61,1.5
2027,945.380.167-48,1.0
2028,492.367.180-78,2.5
2029,893.546.702-29,1.5
2030,254.319.670-61,1.5
2031,142.730.596-14,1.5
2032,290.574.861-31,1.0
2033,654.930.281-15,2.5
2034,260.574.193-16,3.0
2035,928.137.546-17,2.0
2036,975.602.814-94,2.0
2037,570.124.839-97,2.5
2038,231.085.769-68,2.0
2039,703.285.169-11,1.5
2040,803.261.594-61,1.5
2041,037.146.985-66,1.5
2042,206.849.571-67,2.5
2043,056.831.479-48,1.0
2044,409.613.257-81,1.5
2045,682.097.513-95,1.0
2046,560.172.843-71,1.5
2047,135.204.786-17,1.5
2048,749.523.618-37,2.5
2049,173.945.802-88,3.0
2050,563.021.489-61,2.5
2051,306.495.812-71,2.5
2052,760.243.189-87,3.0
2053,765.102.438-91,2.0
2054,653.824.709-11,2.5
2055,741.280.593-23,2.5
2056,302.185.679-95,2.0
2057,925.607.843-19,3.0
2058,238.169.405-61,1.0
2059,312.465.098-14,1.5
2060,876.319.520-86,1.5
2061,170.893.462-69,2.0
2062,608.592.143-89,1.5
2063,178.064.923-13,2.5
2064,791.630.452-14,1.0
2065,254.397.801-14,1.5
2066,492.671.805-76,1.0
2067,843.217.596-17,2.5
2068,987.610.435-75,2.0
2069,183.490.567-21,2.5
2070,832.075.194-23,2.0
2071,231.890.574-61,1.0
2072,328.576.091-59,1.5
2073,109.728.643-69,2.5
2074,924.735.618-18,3.0
2075,651.382.409-51,1.5
2076,831.970.546-11,1.0
2077,256.389.104-33,1.5
2078,590.871.243-41,2.0
2079,763.094.581-75,2.5
2080,604.781.352-62,2.5
2081,920.675.834-92,2.5
2082,530.729.684-38,1.0
2083,385.297.614-64,2.5
2084,846.079.231-51,2.5
2085,930.426.851-61,1.5
2086,682.043.179-13,2.0
2087,759.163.024-52,2.5
2088,469.805.217-31,2.0
2089,587.421.369-46,2.5
2090,706.385.421-62,1.5
2091,351.720.984-88,2.0
2092,948.756.201-11,2.0
2093,398.402.571-88,1.5
2094,723.908.651-86,2.0
2095,529.438.706-92,1.5
2096,152.986.734-73,2.5
2097,296.435.718-82,3.0
2098,508.917.362-12,3.0
2099,756.948.302-29,2.5
2100,034.976.182-51,1.5
2101,842.039.156-51,2.0
2102,195.072.836-68,2.5
2103,764.013.825-62,1.0
2104,964.071.532-81,2.5
2105,479.685.013-93,1.5
2106,758.903.426-65,2.0
2107,968.417.352-18,2.0
2108,298.657.104-21,1.5
2109,412.085.736-16,2.0
2110,023.469.875-65,2.0
2111,719.084.325-61,2.5
2112,072.389.615-12,2.0
2113,743.208.165-44,1.0
2114,013.469.857-66,2.5
2115,743.926.085-65,2.5
2116,901.527.684-67,3.0
2117,918.452.370-13,3.0
2118,930.872.514-88,2.5
2119,672.450.391-43,2.0
2120,861.209.437-22,2.5
2121,698.740.123-31,2.0
2122,218.467.953-46,2.5
2123,254.896.307-11,1.5
2124,782.694.135-18,1.5
2125,018.649.523-42,2.5
2126,458.963.170-93,2.0
2127,340.759.628-65,1.0
2128,654.021.938-51,2.0
2129,849.726.031-78,3.0
2130,081.953.746-21,2.0
2131,085.634.921-61,1.5
2132,032.964.581-15,1.0
2133,803.479.156-39,1.5
2134,920.476.358-29,2.0
2135,087.561.293-86,1.5
2136,671.092.584-67,2.5
2137,623.947.058-92,1.5
2138,094.518.263-51,2.0
2139,287.603.451-44,1.5
2140,463.127.980-11,2.0
2141,451.067.328-16,3.0
2142,216.459.783-46,1.5
2143,673.910.584-75,2.5
2144,216.507.943-81,2.0
2145,209.438.671-69,2.0
2146,452.670.938-74,2.0
2147,970.652.418-58,2.0
2148,302.591.876-41,1.5
2149,798.413.560-66,2.0
2150,845.931.067-11,2.0
2151,961.702.435-71,1.5
2152,920.854.736-11,2.0
2153,041.786.235-16,2.5
2154,062.398.571-31,2.0
2155,026.897.543-47,2.0
2156,918.236.057-11,2.0
2157,490.613.827-69,2.0
2158,135.870.294-23,1.5
2159,037.948.165-11,2.5
2160,017.246.583-44,1.5
2161,760.589.324-83,3.0
2162,706.219.348-87,3.0
2163,869.135.740-11,2.5
2164,238.109.467-96,2.0
2165,193.807.425-41,3.0
2166,820.943.175-79,2.0
2167,142.950.687-31,1.5
2168,407.951.382-88,1.5
2169,452.698.730-11,1.5
2170,936.412.078-78,1.0
2171,526.180.793-11,3.0
2172,120.356.849-51,2.5
2173,194.327.658-73,2.5
2174,372.596.408-47,2.5
2175,681.304.975-57,2.5
2176,582.310.796-11,2.0
2177,163.840.957-93,1.5
2178,459.126.870-58,1.5
2179,289.354.176-37,2.5
2180,513.864.027-53,2.0
2181,471.526.093-14,2.0
2182,219.865.740-67,1.0
2183,175.380.629-12,1.5
2184,689.057.143-66,1.5
2185,794.682.513-73,2.5
2186,430.682.951-14,3.0
2187,801.534.276-71,2.5
2188,386.970.514-11,1.5
2189,127.648.309-12,2.5
2190,126.489.750-21,2.5
2191,403.857.126-26,1.5
2192,207.918.536-59,1.5
2193,473.185.096-75,1.5
2194,704.986.532-18,1.5
2195,670.928.135-31,2.0
2196,769.412.805-49,2.5
2197,217.083.649-78,2.0
2198,312.457.098-79,2.5
2199,805.142.967-21,2.0
2200,450.782.691-85,2.0
2201,079.324.561-34,2.5
2202,921.568.370-41,2.5
2203,804.956.127-58,2.0
2204,734.890.126-31,3.0
2205,280.734.159-41,2.5
2206,035.619.247-43,2.5
2207,675.413.290-61,1.5
2208,105.874.263-91,3.0
2209,865.327.409-18,2.0
2210,246.307.589-92,1.5
2211,703.612.948-41,2.0
2212,721.594.836-64,2.5
2213,467.208.391-87,2.5
2214,814.509.627-85,1.0
2215,248.316.957-18,2.5
2216,263.947.158-91,3.0
2217,514.362.907-16,1.5
2218,709.123.465-15,2.0
2219,295.017.836-77,1.5
2220,861.423.970-11,1.5
2221,784.651.320-62,2.0
2222,098.273.645-29,2.0
2223,623.058.149-33,3.0
2224,048.527.169-94,1.0
2225,513.246.087-91,2.5
2226,261.493.075-14,1.5
2227,402.813.597-41,3.0
2228,270.918.364-13,1.0
2229,346.957.021-34,2.0
2230,514.897.360-93,3.0
2231,789.015.263-95,2.0
2232,531.296.470-15,1.0
2233,823.510.467-91,2.0
2234,185.293.640-15,2.5
2235,754.861.302-44,2.0
2236,732.841.965-28,3.0
2237,387.204.915-14,2.0
2238,795.631.482-82,2.5
2239,102.497.865-67,2.0
2240,519.724.083-13,2.5
2241,863.927.104-69,2.0
2242,387.106.592-77,3.0
2243,160.538.794-11,1.5
2244,361.942.507-81,1.5
2245,824.601.753-53,2.0
2246,192.675.483-28,1.5
2247,856.103.472-62,2.0
2248,239.670.584-92,2.5
2249,869.352.417-82,1.0
2250,368.109.542-61,2.0
2251,709.314.258-32,3.0
2252,532.098.716-12,1.0
2253,462.591.037-43,2.0
2254,165.874.329-64,2.5
2255,396.275.108-41,2.0
2256,893.642.170-12,2.0
2257,857.296.340-56,1.5
2258,367.890.412-22,2.5
2259,619.574.328-37,2.5
2260,037.562.941-61,2.5
2261,328.507.694-11,2.5
2262,259.631.047-34,1.0
2263,276.431.908-87,2.0
2264,983.056.712-59,2.5
2265,912.036.847-11,3.0
2266,237.195.086-68,2.0
2267,397.684.512-46,2.5
2268,649.781.305-57,2.0
2269,091.685.372-12,2.0
2270,485.326.791-37,1.5
2271,258.469.107-85,2.5
2272,352.709.641-81,1.0
2273,164.739.280-22,1.5
2274,504.123.987-88,2.5
2275,125.384.697-91,2.0
2276,427.963.105-15,2.5
2277,023.149.786-51,3.0
2278,173.590.842-88,1.5
2279,728.045.963-38,3.0
2280,257.419.068-85,2.0
2281,712.950.348-32,2.0
2282,968.514.072-31,2.0
2283,547.213.690-34,1.5
2284,501.438.927-97,3.0
2285,371.402.859-51,2.0
2286,703.581.264-44,2.5
2287,168.295.407-21,1.5
2288,301.249.685-89,2.0
2289,507.361.984-66,2.0
2290,481.507.926-94,2.0
2291,701.392.854-23,1.5
2292,869.237.140-87,2.5
2293,398.502.164-33,2.0
2294,452.807.136-35,2.5
2295,231.890.764-13,2.5
2296,792.683.501-31,2.5
2297,721.546.830-53,1.0
2298,597.283.016-77,1.0
2299,513.279.480-79,2.0
2300,590.162.784-94,1.0
2301,187.923.046-13,3.0
2302,642.309.518-33,2.0
2303,196.385.704-66,1.5
2304,136.589.270-11,2.0
2305,501.782.364-62,1.0
2306,295.106.437-34,1.5
2307,815.429.370-61,2.5
2308,392.654.071-15,1.0
2309,682.519.703-77,3.0
2310,850.436.921-89,2.5
2311,489.103.526-98,1.5
2312,182.435.067-81,1.5
2313,097.235.416-61,3.0
2314,892.530.764-29,1.0
2315,368.091.472-51,1.0
2316,964.302.518-71,2.5
2317,421.596.870-49,1.5
2318,796.582.413-28,1.5
2319,341.270.658-26,2.0
2320,975.603.241-34,1.5
2321,513.940.682-98,3.0
2322,465.730.982-18,2.5
2323,742.895.160-76,2.5
2324,140.385.726-17,2.0
2325,037.249.516-81,2.5
2326,413.685.720-91,1.5
2327,652.019.743-25,2.0
2328,824.635.790-56,1.0
2329,842.167.503-62,2.0
2330,481.920.735-13,2.0
2331,475.193.206-34,2.0
2332,823.761.504-26,3.0
2333,540.169.273-15,2.5
2334,265.410.937-25,3.0
2335,758.916.203-59,3.0
2336,674.230.589-47,1.0
2337,214.865.907-31,2.0
2338,513.970.826-41,1.5
2339,263.971.450-34,2.5
2340,349.502.817-12,2.0
2341,859.076.321-86,1.5
2342,602.954.138-24,2.5
2343,104.956.873-75,2.5
2344,276.485.139-19,1.5
2345,536.180.297-21,3.0
2346,842.397.150-32,1.5
2347,521.647.983-17,2.5
2348,352.049.768-92,3.0
2349,936.581.427-82,1.5
2350,468.731.520-81,2.0
2351,802.651.734-26,2.5
2352,130.265.987-12,2.0
2353,071.548.693-48,2.0
2354,012.598.437-51,1.5
2355,375.149.286-18,1.5
2356,053.679.481-21,2.5
2357,106.492.573-16,1.5
2358,964.051.273-71,2.5
2359,973.680.254-18,2.0
2360,061.542.937-81,
2361,425.710.986-67,
2362,087.295.643-11,
2363,306.518.249-15,
2364,385.062.149-98,
2365,874.560.329-47,
2366,461.208.593-14,
2367,029.184.637-87,
2368,081.356.794-75,
2369,803.467.259-92,
2370,972.486.350-65,
2371,036.549.827-19,
2372,392.581.406-13,
2373,395.802.417-32,
2374,340.198.275-32,
2375,384.570.912-12,
2376,604.152.973-71,
2377,837.962.540-47,
2378,063.248.159-51,
2379,463.715.892-37,
2380,594.607.381-84,
2381,478.012.695-94,
